secid,date,expiration,AMSettlement,ForwardPrice,ticker
0,2010-01-04,2010-04-17,0,217.42669255115132,AAPL
0,2010-01-04,2010-07-17,0,218.53072595171565,AAPL
0,2010-01-04,2010-02-20,0,209.67289135715293,AAPL
0,2010-01-04,2010-01-16,0,215.3339609670002,AAPL
0,2010-01-04,2011-01-22,0,207.2899144352442,AAPL
0,2010-01-05,2010-04-17,0,214.48095932236913,AAPL
0,2010-01-05,2010-07-17,0,211.17226281056233,AAPL
0,2010-01-05,2010-02-20,0,213.09613320560686,AAPL
0,2010-01-05,2010-01-16,0,214.9217136684687,AAPL
0,2010-01-05,2011-01-22,0,219.65016461058147,AAPL
0,2010-01-06,2010-04-17,0,213.11542913529252,AAPL
0,2010-01-06,2010-07-17,0,207.76188249441515,AAPL
0,2010-01-06,2010-02-20,0,215.79985234601708,AAPL
0,2010-01-06,2010-01-16,0,211.10988565118396,AAPL
0,2010-01-06,2011-01-22,0,213.88078886505346,AAPL
0,2010-01-07,2010-04-17,0,209.9518463561034,AAPL
0,2010-01-07,2010-07-17,0,208.1110135798859,AAPL
0,2010-01-07,2010-02-20,0,210.3283983744201,AAPL
0,2010-01-07,2010-01-16,0,214.1116801507297,AAPL
0,2010-01-07,2011-01-22,0,217.15402528863928,AAPL
0,2010-01-08,2010-04-17,0,214.40566358698308,AAPL
0,2010-01-08,2010-07-17,0,213.90637679662944,AAPL
0,2010-01-08,2010-02-20,0,210.52653462424612,AAPL
0,2010-01-08,2010-01-16,0,210.06866780462397,AAPL
0,2010-01-08,2011-01-22,0,214.98021673861504,AAPL
0,2010-01-11,2010-04-17,0,208.11566626778816,AAPL
0,2010-01-11,2010-07-17,0,207.06609290895992,AAPL
0,2010-01-11,2010-02-20,0,208.46553921000825,AAPL
0,2010-01-11,2010-01-16,0,219.26297819094114,AAPL
0,2010-01-11,2011-01-22,0,213.91173303866086,AAPL
0,2010-01-12,2010-04-17,0,204.3693805365836,AAPL
0,2010-01-12,2010-07-17,0,210.72429758929613,AAPL
0,2010-01-12,2010-02-20,0,204.1174187106013,AAPL
0,2010-01-12,2010-01-16,0,207.25192879056746,AAPL
0,2010-01-12,2011-01-22,0,211.85895630220963,AAPL
0,2010-01-13,2010-04-17,0,211.28797224580433,AAPL
0,2010-01-13,2010-07-17,0,211.92931434805152,AAPL
0,2010-01-13,2010-02-20,0,211.68311929200019,AAPL
0,2010-01-13,2010-01-16,0,207.86836759217547,AAPL
0,2010-01-13,2011-01-22,0,215.57117546268933,AAPL
0,2010-01-14,2010-04-17,0,210.7876578510668,AAPL
0,2010-01-14,2010-07-17,0,212.4326355313395,AAPL
0,2010-01-14,2010-02-20,0,209.76408472384153,AAPL
0,2010-01-14,2010-01-16,0,212.29552814131986,AAPL
0,2010-01-14,2011-01-22,0,204.5046697000015,AAPL
0,2010-01-15,2010-04-17,0,204.93684074882952,AAPL
0,2010-01-15,2010-07-17,0,212.51669583959819,AAPL
0,2010-01-15,2010-02-20,0,203.3633471570295,AAPL
0,2010-01-15,2010-01-16,0,204.00297406857328,AAPL
0,2010-01-15,2011-01-22,0,203.4568518580554,AAPL
0,2010-01-19,2010-04-17,0,215.878086986867,AAPL
0,2010-01-19,2010-07-17,0,217.91404644911086,AAPL
0,2010-01-19,2010-03-20,0,213.69286143041674,AAPL
0,2010-01-19,2010-02-20,0,207.9654810724654,AAPL
0,2010-01-19,2011-01-22,0,219.27680471102306,AAPL
0,2010-01-20,2010-04-17,0,215.5229838883702,AAPL
0,2010-01-20,2010-07-17,0,211.2390300679653,AAPL
0,2010-01-20,2010-03-20,0,209.86061331827864,AAPL
0,2010-01-20,2010-02-20,0,210.2951683681775,AAPL
0,2010-01-20,2011-01-22,0,207.47840761304442,AAPL
0,2010-01-21,2010-04-17,0,208.7934750121411,AAPL
0,2010-01-21,2010-07-17,0,211.2804977640462,AAPL
0,2010-01-21,2010-03-20,0,210.2201020342981,AAPL
0,2010-01-21,2010-02-20,0,204.29714548599856,AAPL
0,2010-01-21,2011-01-22,0,207.34735126382884,AAPL
0,2010-01-22,2010-04-17,0,199.68986320793917,AAPL
0,2010-01-22,2010-07-17,0,195.4493748718609,AAPL
0,2010-01-22,2010-03-20,0,196.608418648342,AAPL
0,2010-01-22,2010-02-20,0,200.27680386807646,AAPL
0,2010-01-22,2011-01-22,0,197.31196059957767,AAPL
0,2010-01-25,2010-04-17,0,201.27833883641046,AAPL
0,2010-01-25,2010-07-17,0,203.43049834528983,AAPL
0,2010-01-25,2010-03-20,0,205.11477424144783,AAPL
0,2010-01-25,2010-02-20,0,198.17802249115383,AAPL
0,2010-01-25,2011-01-22,0,206.05801477972372,AAPL
0,2010-01-26,2010-04-17,0,204.32466930187618,AAPL
0,2010-01-26,2010-07-17,0,205.91989482483652,AAPL
0,2010-01-26,2010-03-20,0,205.610040789827,AAPL
0,2010-01-26,2010-02-20,0,208.73181993607025,AAPL
0,2010-01-26,2011-01-22,0,200.0913355445741,AAPL
0,2010-01-27,2010-04-17,0,209.67493953670316,AAPL
0,2010-01-27,2010-07-17,0,204.46226530614751,AAPL
0,2010-01-27,2010-03-20,0,203.8517232427865,AAPL
0,2010-01-27,2010-02-20,0,202.48729699830932,AAPL
0,2010-01-27,2011-01-22,0,207.38327578469534,AAPL
0,2010-01-28,2010-04-17,0,195.71576878971797,AAPL
0,2010-01-28,2010-07-17,0,198.76452098912685,AAPL
0,2010-01-28,2010-03-20,0,202.264139347638,AAPL
0,2010-01-28,2010-02-20,0,197.8210134083814,AAPL
0,2010-01-28,2011-01-22,0,196.50783050280302,AAPL
0,2010-01-29,2010-04-17,0,193.84916758398023,AAPL
0,2010-01-29,2010-07-17,0,193.2637825082531,AAPL
0,2010-01-29,2010-03-20,0,185.60493026816684,AAPL
0,2010-01-29,2010-02-20,0,195.3447818094144,AAPL
0,2010-01-29,2011-01-22,0,190.7236548516654,AAPL
0,2010-02-01,2010-04-17,0,195.68789480345222,AAPL
0,2010-02-01,2010-07-17,0,195.09984937604725,AAPL
0,2010-02-01,2010-03-20,0,192.67620896679458,AAPL
0,2010-02-01,2010-02-20,0,194.90628918481158,AAPL
0,2010-02-01,2011-01-22,0,202.06886897513283,AAPL
0,2010-02-02,2010-04-17,0,196.83105812588,AAPL
0,2010-02-02,2010-07-17,0,201.55113853813356,AAPL
0,2010-02-02,2010-03-20,0,196.6059588980222,AAPL
0,2010-02-02,2010-02-20,0,191.83733793253433,AAPL
0,2010-02-02,2011-01-22,0,200.1453375167084,AAPL
0,2010-02-03,2010-04-17,0,196.80259034333935,AAPL
0,2010-02-03,2010-07-17,0,195.8581340682587,AAPL
0,2010-02-03,2010-03-20,0,194.60966214255913,AAPL
0,2010-02-03,2010-02-20,0,205.10856378335492,AAPL
0,2010-02-03,2011-01-22,0,198.6848273107229,AAPL
0,2010-02-04,2010-04-17,0,186.5809780175208,AAPL
0,2010-02-04,2010-07-17,0,188.45654216765521,AAPL
0,2010-02-04,2010-03-20,0,191.25583150959486,AAPL
0,2010-02-04,2010-02-20,0,194.52407743275484,AAPL
0,2010-02-04,2011-01-22,0,194.18038653325436,AAPL
0,2010-02-05,2010-04-17,0,197.19114414767216,AAPL
0,2010-02-05,2010-07-17,0,191.9097603090849,AAPL
0,2010-02-05,2010-03-20,0,207.2508405127075,AAPL
0,2010-02-05,2010-02-20,0,203.44205472429616,AAPL
0,2010-02-05,2011-01-22,0,188.1769228622907,AAPL
0,2010-02-08,2010-04-17,0,191.85565923391965,AAPL
0,2010-02-08,2010-07-17,0,193.8585992616615,AAPL
0,2010-02-08,2010-03-20,0,192.5672381506085,AAPL
0,2010-02-08,2010-02-20,0,191.00302962019936,AAPL
0,2010-02-08,2011-01-22,0,199.27372873641295,AAPL
0,2010-02-09,2010-04-17,0,189.82193557516618,AAPL
0,2010-02-09,2010-07-17,0,194.5732309341857,AAPL
0,2010-02-09,2010-03-20,0,192.21954386753106,AAPL
0,2010-02-09,2010-02-20,0,195.58130542670276,AAPL
0,2010-02-09,2011-01-22,0,196.94354450101548,AAPL
0,2010-02-10,2010-04-17,0,193.26832416478382,AAPL
0,2010-02-10,2010-07-17,0,190.8197744352543,AAPL
0,2010-02-10,2010-03-20,0,199.0379158813853,AAPL
0,2010-02-10,2010-02-20,0,195.62494950215745,AAPL
0,2010-02-10,2011-01-22,0,192.357712926815,AAPL
0,2010-02-11,2010-04-17,0,202.12397642561783,AAPL
0,2010-02-11,2010-07-17,0,195.3912051516324,AAPL
0,2010-02-11,2010-03-20,0,195.4801539195637,AAPL
0,2010-02-11,2010-02-20,0,207.3208363311807,AAPL
0,2010-02-11,2011-01-22,0,203.4235904503153,AAPL
0,2010-02-12,2010-04-17,0,197.86412803740296,AAPL
0,2010-02-12,2010-07-17,0,202.45956246445522,AAPL
0,2010-02-12,2010-03-20,0,200.26394114815682,AAPL
0,2010-02-12,2010-02-20,0,199.76258389989223,AAPL
0,2010-02-12,2011-01-22,0,199.5347980096587,AAPL
0,2010-02-16,2010-04-17,0,210.01504358331664,AAPL
0,2010-02-16,2010-07-17,0,204.32130701129364,AAPL
0,2010-02-16,2010-03-20,0,204.13344262620785,AAPL
0,2010-02-16,2010-02-20,0,198.27180931522003,AAPL
0,2010-02-16,2011-01-22,0,203.84476069683424,AAPL
0,2010-02-17,2010-04-17,0,200.88236842151147,AAPL
0,2010-02-17,2010-07-17,0,207.3056509789189,AAPL
0,2010-02-17,2010-03-20,0,203.33017631032843,AAPL
0,2010-02-17,2010-02-20,0,207.91392827588098,AAPL
0,2010-02-17,2011-01-22,0,205.2397771090594,AAPL
0,2010-02-18,2010-04-17,0,197.5309432758171,AAPL
0,2010-02-18,2010-07-17,0,210.0155740912992,AAPL
0,2010-02-18,2010-03-20,0,198.05680152759186,AAPL
0,2010-02-18,2010-02-20,0,203.67538488521362,AAPL
0,2010-02-18,2011-01-22,0,211.0251476918989,AAPL
0,2010-02-19,2010-04-17,0,197.27400265702977,AAPL
0,2010-02-19,2010-07-17,0,198.35264362524708,AAPL
0,2010-02-19,2010-03-20,0,207.55364284321846,AAPL
0,2010-02-19,2010-02-20,0,200.13151659997212,AAPL
0,2010-02-19,2011-01-22,0,205.28072558507816,AAPL
0,2010-02-22,2010-07-17,0,202.0343296707557,AAPL
0,2010-02-22,2010-10-16,0,206.6782166759933,AAPL
0,2010-02-22,2010-04-17,0,199.81405252782582,AAPL
0,2010-02-22,2011-01-22,0,201.70977940060624,AAPL
0,2010-02-22,2010-03-20,0,200.34538210190908,AAPL
0,2010-02-23,2010-07-17,0,193.97190636580757,AAPL
0,2010-02-23,2010-10-16,0,192.79319147807183,AAPL
0,2010-02-23,2010-04-17,0,196.84811401576903,AAPL
0,2010-02-23,2011-01-22,0,194.4769357612571,AAPL
0,2010-02-23,2010-03-20,0,189.03501759656896,AAPL
0,2010-02-24,2010-07-17,0,201.0198490451333,AAPL
0,2010-02-24,2010-10-16,0,199.19489315649497,AAPL
0,2010-02-24,2010-04-17,0,195.47336095406644,AAPL
0,2010-02-24,2011-01-22,0,200.17520546605752,AAPL
0,2010-02-24,2010-03-20,0,204.39628631419984,AAPL
0,2010-02-25,2010-07-17,0,201.6119745299406,AAPL
0,2010-02-25,2010-10-16,0,199.66512951139575,AAPL
0,2010-02-25,2010-04-17,0,207.5484654317004,AAPL
0,2010-02-25,2011-01-22,0,201.89866053095352,AAPL
0,2010-02-25,2010-03-20,0,204.2150771847388,AAPL
0,2010-02-26,2010-07-17,0,205.22698300403778,AAPL
0,2010-02-26,2010-10-16,0,206.02465221932346,AAPL
0,2010-02-26,2010-04-17,0,200.29852487184598,AAPL
0,2010-02-26,2011-01-22,0,216.03898636413342,AAPL
0,2010-02-26,2010-03-20,0,205.37193512908337,AAPL
0,2010-03-01,2010-07-17,0,203.187207098715,AAPL
0,2010-03-01,2010-10-16,0,206.9932106909278,AAPL
0,2010-03-01,2010-04-17,0,207.82996900896018,AAPL
0,2010-03-01,2011-01-22,0,211.12856651912654,AAPL
0,2010-03-01,2010-03-20,0,205.4646927847278,AAPL
0,2010-03-02,2010-07-17,0,200.16298314971968,AAPL
0,2010-03-02,2010-10-16,0,208.4776772646097,AAPL
0,2010-03-02,2010-04-17,0,205.97667687949993,AAPL
0,2010-03-02,2011-01-22,0,205.15821688029175,AAPL
0,2010-03-02,2010-03-20,0,205.56650967168162,AAPL
0,2010-03-03,2010-07-17,0,202.31794835203465,AAPL
0,2010-03-03,2010-10-16,0,203.71959094506187,AAPL
0,2010-03-03,2010-04-17,0,208.95843231820848,AAPL
0,2010-03-03,2011-01-22,0,219.27279050139103,AAPL
0,2010-03-03,2010-03-20,0,205.67175973525292,AAPL
0,2010-03-04,2010-07-17,0,223.5668351227625,AAPL
0,2010-03-04,2010-10-16,0,206.30904554132425,AAPL
0,2010-03-04,2010-04-17,0,218.6533958524388,AAPL
0,2010-03-04,2011-01-22,0,210.02676501545136,AAPL
0,2010-03-04,2010-03-20,0,206.15843419992504,AAPL
0,2010-03-05,2010-07-17,0,218.12804658499957,AAPL
0,2010-03-05,2010-10-16,0,222.91010522904156,AAPL
0,2010-03-05,2010-04-17,0,214.72299024261952,AAPL
0,2010-03-05,2011-01-22,0,221.79870333547498,AAPL
0,2010-03-05,2010-03-20,0,226.6453874779387,AAPL
0,2010-03-08,2010-07-17,0,218.26586877849948,AAPL
0,2010-03-08,2010-10-16,0,218.4229457232652,AAPL
0,2010-03-08,2010-04-17,0,213.02515101636922,AAPL
0,2010-03-08,2011-01-22,0,221.01583042577153,AAPL
0,2010-03-08,2010-03-20,0,218.31103876565405,AAPL
0,2010-03-09,2010-07-17,0,223.9616221020074,AAPL
0,2010-03-09,2010-10-16,0,225.10812994473798,AAPL
0,2010-03-09,2010-04-17,0,227.64446963769564,AAPL
0,2010-03-09,2011-01-22,0,224.16209064812804,AAPL
0,2010-03-09,2010-03-20,0,225.14807191334955,AAPL
0,2010-03-10,2010-07-17,0,224.64514823863223,AAPL
0,2010-03-10,2010-10-16,0,234.98865189904012,AAPL
0,2010-03-10,2010-04-17,0,226.32320637714167,AAPL
0,2010-03-10,2011-01-22,0,232.97893196170344,AAPL
0,2010-03-10,2010-03-20,0,221.6203475949389,AAPL
0,2010-03-11,2010-07-17,0,231.18904059688595,AAPL
0,2010-03-11,2010-10-16,0,227.22084014596493,AAPL
0,2010-03-11,2010-04-17,0,220.56026565275414,AAPL
0,2010-03-11,2011-01-22,0,228.63731876705478,AAPL
0,2010-03-11,2010-03-20,0,222.00801553008534,AAPL
0,2010-03-12,2010-07-17,0,221.86552443672025,AAPL
0,2010-03-12,2010-10-16,0,225.00662892739962,AAPL
0,2010-03-12,2010-04-17,0,228.72184762523102,AAPL
0,2010-03-12,2011-01-22,0,228.7801647122592,AAPL
0,2010-03-12,2010-03-20,0,230.8377061800735,AAPL
0,2010-03-15,2010-07-17,0,222.95621358102952,AAPL
0,2010-03-15,2010-10-16,0,225.0437753454905,AAPL
0,2010-03-15,2010-04-17,0,223.37153155715964,AAPL
0,2010-03-15,2011-01-22,0,231.47894771600974,AAPL
0,2010-03-15,2010-03-20,0,222.42083406943436,AAPL
0,2010-03-16,2010-07-17,0,226.01879146847287,AAPL
0,2010-03-16,2010-10-16,0,223.2745537258302,AAPL
0,2010-03-16,2010-04-17,0,225.2910090189014,AAPL
0,2010-03-16,2011-01-22,0,217.53910565827263,AAPL
0,2010-03-16,2010-03-20,0,223.39476843573425,AAPL
0,2010-03-17,2010-07-17,0,228.24088002210905,AAPL
0,2010-03-17,2010-10-16,0,223.13629385158976,AAPL
0,2010-03-17,2010-04-17,0,217.30177762822532,AAPL
0,2010-03-17,2011-01-22,0,224.70216266187407,AAPL
0,2010-03-17,2010-03-20,0,232.00236338608295,AAPL
0,2010-03-18,2010-07-17,0,227.53685752448317,AAPL
0,2010-03-18,2010-10-16,0,233.11729015958304,AAPL
0,2010-03-18,2010-04-17,0,230.61371780656017,AAPL
0,2010-03-18,2011-01-22,0,230.95672250693448,AAPL
0,2010-03-18,2010-03-20,0,223.15514010126185,AAPL
0,2010-03-19,2010-07-17,0,226.1729945495711,AAPL
0,2010-03-19,2010-10-16,0,221.4389706502167,AAPL
0,2010-03-19,2010-04-17,0,224.04500937789606,AAPL
0,2010-03-19,2011-01-22,0,223.520519228841,AAPL
0,2010-03-19,2010-03-20,0,230.13995126750504,AAPL
0,2010-03-22,2010-07-17,0,228.5409849953829,AAPL
0,2010-03-22,2010-10-16,0,224.42043362555958,AAPL
0,2010-03-22,2010-05-22,0,219.62313838433846,AAPL
0,2010-03-22,2010-04-17,0,229.28305199685263,AAPL
0,2010-03-22,2011-01-22,0,231.04350679049594,AAPL
0,2010-03-23,2010-07-17,0,221.52115448362895,AAPL
0,2010-03-23,2010-10-16,0,228.57124158683825,AAPL
0,2010-03-23,2010-05-22,0,231.83092564333367,AAPL
0,2010-03-23,2010-04-17,0,236.86847736517333,AAPL
0,2010-03-23,2011-01-22,0,223.98008904193938,AAPL
0,2010-03-24,2010-07-17,0,226.42198664149058,AAPL
0,2010-03-24,2010-10-16,0,225.2906008406703,AAPL
0,2010-03-24,2010-05-22,0,232.42131244874986,AAPL
0,2010-03-24,2010-04-17,0,236.4466778389006,AAPL
0,2010-03-24,2011-01-22,0,230.49682383515622,AAPL
0,2010-03-25,2010-07-17,0,232.18928952747189,AAPL
0,2010-03-25,2010-10-16,0,229.95993878491853,AAPL
0,2010-03-25,2010-05-22,0,228.16077137381257,AAPL
0,2010-03-25,2010-04-17,0,223.59952151897454,AAPL
0,2010-03-25,2011-01-22,0,217.41454274143518,AAPL
0,2010-03-26,2010-07-17,0,238.73107605871058,AAPL
0,2010-03-26,2010-10-16,0,222.07526861600564,AAPL
0,2010-03-26,2010-05-22,0,232.92425245481277,AAPL
0,2010-03-26,2010-04-17,0,231.2465975094134,AAPL
0,2010-03-26,2011-01-22,0,229.14009337301633,AAPL
0,2010-03-29,2010-07-17,0,234.3025511240883,AAPL
0,2010-03-29,2010-10-16,0,236.88936984079024,AAPL
0,2010-03-29,2010-05-22,0,239.3138715354536,AAPL
0,2010-03-29,2010-04-17,0,224.97813279660826,AAPL
0,2010-03-29,2011-01-22,0,230.69438149456724,AAPL
0,2010-03-30,2010-07-17,0,237.18707994279382,AAPL
0,2010-03-30,2010-10-16,0,237.6501014634263,AAPL
0,2010-03-30,2010-05-22,0,237.04562922347577,AAPL
0,2010-03-30,2010-04-17,0,240.96801080202349,AAPL
0,2010-03-30,2011-01-22,0,232.7505892205452,AAPL
0,2010-03-31,2010-07-17,0,239.976565542175,AAPL
0,2010-03-31,2010-10-16,0,230.56563682055594,AAPL
0,2010-03-31,2010-05-22,0,236.90570000913306,AAPL
0,2010-03-31,2010-04-17,0,234.26541485505416,AAPL
0,2010-03-31,2011-01-22,0,235.31893008345207,AAPL
0,2010-04-01,2010-07-17,0,237.05283934821287,AAPL
0,2010-04-01,2010-10-16,0,240.48434012428382,AAPL
0,2010-04-01,2010-05-22,0,232.03040135021155,AAPL
0,2010-04-01,2010-04-17,0,232.26273971149809,AAPL
0,2010-04-01,2011-01-22,0,236.94324734783655,AAPL
0,2010-04-05,2010-07-17,0,241.37653937875373,AAPL
0,2010-04-05,2010-10-16,0,250.41611787412643,AAPL
0,2010-04-05,2010-05-22,0,242.60405763512344,AAPL
0,2010-04-05,2010-04-17,0,242.52954767318818,AAPL
0,2010-04-05,2011-01-22,0,238.51972314436213,AAPL
0,2010-04-06,2010-07-17,0,240.28175816983907,AAPL
0,2010-04-06,2010-10-16,0,246.42573053726133,AAPL
0,2010-04-06,2010-05-22,0,237.44562558183318,AAPL
0,2010-04-06,2010-04-17,0,247.36136336893279,AAPL
0,2010-04-06,2011-01-22,0,232.9130709375778,AAPL
0,2010-04-07,2010-07-17,0,242.94318659605372,AAPL
0,2010-04-07,2010-10-16,0,243.6313397361118,AAPL
0,2010-04-07,2010-05-22,0,236.8117755528156,AAPL
0,2010-04-07,2010-04-17,0,232.87020343633372,AAPL
0,2010-04-07,2011-01-22,0,242.83502175090922,AAPL
0,2010-04-08,2010-07-17,0,237.90887609336252,AAPL
0,2010-04-08,2010-10-16,0,242.65610977902068,AAPL
0,2010-04-08,2010-05-22,0,240.29517515647362,AAPL
0,2010-04-08,2010-04-17,0,229.1296894493576,AAPL
0,2010-04-08,2011-01-22,0,244.24377462864626,AAPL
0,2010-04-09,2010-07-17,0,244.586640115385,AAPL
0,2010-04-09,2010-10-16,0,238.8989118927707,AAPL
0,2010-04-09,2010-05-22,0,242.98567531841175,AAPL
0,2010-04-09,2010-04-17,0,245.48431898795755,AAPL
0,2010-04-09,2011-01-22,0,241.83336615239955,AAPL
0,2010-04-12,2010-07-17,0,245.04532147256046,AAPL
0,2010-04-12,2010-10-16,0,241.4955529110437,AAPL
0,2010-04-12,2010-05-22,0,240.4689210119019,AAPL
0,2010-04-12,2010-04-17,0,246.29941428270814,AAPL
0,2010-04-12,2011-01-22,0,242.6166064333279,AAPL
0,2010-04-13,2010-07-17,0,235.5467367818626,AAPL
0,2010-04-13,2010-10-16,0,231.84615198313855,AAPL
0,2010-04-13,2010-05-22,0,236.18315748232308,AAPL
0,2010-04-13,2010-04-17,0,232.96277549836486,AAPL
0,2010-04-13,2011-01-22,0,240.05316632025307,AAPL
0,2010-04-14,2010-07-17,0,251.31006241012875,AAPL
0,2010-04-14,2010-10-16,0,252.8013032260198,AAPL
0,2010-04-14,2010-05-22,0,246.68931339035817,AAPL
0,2010-04-14,2010-04-17,0,244.2990747709959,AAPL
0,2010-04-14,2011-01-22,0,246.24770332321367,AAPL
0,2010-04-15,2010-07-17,0,246.18041071684064,AAPL
0,2010-04-15,2010-10-16,0,242.12510426867325,AAPL
0,2010-04-15,2010-05-22,0,244.8520394266076,AAPL
0,2010-04-15,2010-04-17,0,249.38247041547575,AAPL
0,2010-04-15,2011-01-22,0,245.40462845036276,AAPL
0,2010-04-16,2010-07-17,0,240.8492719753851,AAPL
0,2010-04-16,2010-10-16,0,249.82811671829296,AAPL
0,2010-04-16,2010-05-22,0,256.1296657473583,AAPL
0,2010-04-16,2010-04-17,0,251.40998160609712,AAPL
0,2010-04-16,2011-01-22,0,243.21165390421174,AAPL
0,2010-04-19,2010-07-17,0,251.89700231026993,AAPL
0,2010-04-19,2010-10-16,0,244.55512932175688,AAPL
0,2010-04-19,2010-06-19,0,238.2925008071258,AAPL
0,2010-04-19,2010-05-22,0,246.46791314791193,AAPL
0,2010-04-19,2011-01-22,0,245.360020660156,AAPL
0,2010-04-20,2010-07-17,0,243.13317078142376,AAPL
0,2010-04-20,2010-10-16,0,246.0790691923693,AAPL
0,2010-04-20,2010-06-19,0,246.08552031424392,AAPL
0,2010-04-20,2010-05-22,0,240.71279648091453,AAPL
0,2010-04-20,2011-01-22,0,246.7286386236269,AAPL
0,2010-04-21,2010-07-17,0,265.0234082791271,AAPL
0,2010-04-21,2010-10-16,0,258.01375793053523,AAPL
0,2010-04-21,2010-06-19,0,251.8026193685332,AAPL
0,2010-04-21,2010-05-22,0,257.50767529918323,AAPL
0,2010-04-21,2011-01-22,0,266.05061476460276,AAPL
0,2010-04-22,2010-07-17,0,277.30086527556165,AAPL
0,2010-04-22,2010-10-16,0,278.3511182034823,AAPL
0,2010-04-22,2010-06-19,0,268.4723743644453,AAPL
0,2010-04-22,2010-05-22,0,265.83072620146817,AAPL
0,2010-04-22,2011-01-22,0,267.8959326810169,AAPL
0,2010-04-23,2010-07-17,0,272.8645865164497,AAPL
0,2010-04-23,2010-10-16,0,271.2658035798522,AAPL
0,2010-04-23,2010-06-19,0,266.42341903570707,AAPL
0,2010-04-23,2010-05-22,0,276.7632044787351,AAPL
0,2010-04-23,2011-01-22,0,273.6510766431119,AAPL
0,2010-04-26,2010-07-17,0,263.5897706357648,AAPL
0,2010-04-26,2010-10-16,0,267.52448855816766,AAPL
0,2010-04-26,2010-06-19,0,258.4640573385362,AAPL
0,2010-04-26,2010-05-22,0,260.8251991945641,AAPL
0,2010-04-26,2011-01-22,0,269.01937156744566,AAPL
0,2010-04-27,2010-07-17,0,264.09875620400226,AAPL
0,2010-04-27,2010-10-16,0,260.5077519089639,AAPL
0,2010-04-27,2010-06-19,0,257.17851792936546,AAPL
0,2010-04-27,2010-05-22,0,267.95167843311174,AAPL
0,2010-04-27,2011-01-22,0,261.66479308015624,AAPL
0,2010-04-28,2010-07-17,0,267.4554099114318,AAPL
0,2010-04-28,2010-10-16,0,256.2633160953256,AAPL
0,2010-04-28,2010-06-19,0,259.96164842258054,AAPL
0,2010-04-28,2010-05-22,0,264.86189611745027,AAPL
0,2010-04-28,2011-01-22,0,262.72302124096495,AAPL
0,2010-04-29,2010-07-17,0,269.35766728433134,AAPL
0,2010-04-29,2010-10-16,0,272.3729115172234,AAPL
0,2010-04-29,2010-06-19,0,276.587965566284,AAPL
0,2010-04-29,2010-05-22,0,269.8895516371894,AAPL
0,2010-04-29,2011-01-22,0,269.42943690644347,AAPL
0,2010-04-30,2010-07-17,0,256.9027321490108,AAPL
0,2010-04-30,2010-10-16,0,265.19433112980283,AAPL
0,2010-04-30,2010-06-19,0,263.47801379885277,AAPL
0,2010-04-30,2010-05-22,0,257.0956307550951,AAPL
0,2010-04-30,2011-01-22,0,267.9596659626248,AAPL
0,2010-05-03,2010-07-17,0,264.917299734103,AAPL
0,2010-05-03,2010-10-16,0,272.01062233490774,AAPL
0,2010-05-03,2010-06-19,0,268.8599027064181,AAPL
0,2010-05-03,2010-05-22,0,264.7625440093695,AAPL
0,2010-05-03,2011-01-22,0,257.9068724876685,AAPL
0,2010-05-04,2010-07-17,0,265.79870065770785,AAPL
0,2010-05-04,2010-10-16,0,263.86119853927124,AAPL
0,2010-05-04,2010-06-19,0,250.86462253496376,AAPL
0,2010-05-04,2010-05-22,0,248.2149969214409,AAPL
0,2010-05-04,2011-01-22,0,256.0288004253899,AAPL
0,2010-05-05,2010-07-17,0,268.54771748237675,AAPL
0,2010-05-05,2010-10-16,0,258.5517292154153,AAPL
0,2010-05-05,2010-06-19,0,252.95073228237712,AAPL
0,2010-05-05,2010-05-22,0,240.9074909394422,AAPL
0,2010-05-05,2011-01-22,0,254.0211160804873,AAPL
0,2010-05-06,2010-07-17,0,247.02436962619035,AAPL
0,2010-05-06,2010-10-16,0,246.5969889397567,AAPL
0,2010-05-06,2010-06-19,0,244.93705865970912,AAPL
0,2010-05-06,2010-05-22,0,238.71332636136822,AAPL
0,2010-05-06,2011-01-22,0,251.5434799231832,AAPL
0,2010-05-07,2010-07-17,0,240.39004427866465,AAPL
0,2010-05-07,2010-10-16,0,244.37910726745622,AAPL
0,2010-05-07,2010-06-19,0,232.76644052466887,AAPL
0,2010-05-07,2010-05-22,0,239.06777067492305,AAPL
0,2010-05-07,2011-01-22,0,232.5290517612996,AAPL
0,2010-05-10,2010-07-17,0,261.355300226148,AAPL
0,2010-05-10,2010-10-16,0,252.29152593516767,AAPL
0,2010-05-10,2010-06-19,0,253.05828897600054,AAPL
0,2010-05-10,2010-05-22,0,260.78883494961553,AAPL
0,2010-05-10,2011-01-22,0,262.6356382127275,AAPL
0,2010-05-11,2010-07-17,0,254.89482242838292,AAPL
0,2010-05-11,2010-10-16,0,252.35975481884958,AAPL
0,2010-05-11,2010-06-19,0,264.79665338633663,AAPL
0,2010-05-11,2010-05-22,0,257.8546149297369,AAPL
0,2010-05-11,2011-01-22,0,255.37966170378348,AAPL
0,2010-05-12,2010-07-17,0,259.2594543527985,AAPL
0,2010-05-12,2010-10-16,0,268.6417018080411,AAPL
0,2010-05-12,2010-06-19,0,265.3126077258725,AAPL
0,2010-05-12,2010-05-22,0,253.72703257910604,AAPL
0,2010-05-12,2011-01-22,0,250.7443762189316,AAPL
0,2010-05-13,2010-07-17,0,259.8469521285543,AAPL
0,2010-05-13,2010-10-16,0,258.0548392001587,AAPL
0,2010-05-13,2010-06-19,0,254.2173442574256,AAPL
0,2010-05-13,2010-05-22,0,249.8107975811415,AAPL
0,2010-05-13,2011-01-22,0,258.2019414653191,AAPL
0,2010-05-14,2010-07-17,0,257.64496819834113,AAPL
0,2010-05-14,2010-10-16,0,257.8767252462858,AAPL
0,2010-05-14,2010-06-19,0,248.83933012662544,AAPL
0,2010-05-14,2010-05-22,0,254.87247649725379,AAPL
0,2010-05-14,2011-01-22,0,257.0300064409191,AAPL
0,2010-05-17,2010-07-17,0,253.8261581253349,AAPL
0,2010-05-17,2010-10-16,0,253.15216412979072,AAPL
0,2010-05-17,2010-06-19,0,264.69646545177903,AAPL
0,2010-05-17,2010-05-22,0,255.47782493905217,AAPL
0,2010-05-17,2011-01-22,0,251.33707863207601,AAPL
0,2010-05-18,2010-07-17,0,252.11158312738556,AAPL
0,2010-05-18,2010-10-16,0,254.6316861242158,AAPL
0,2010-05-18,2010-06-19,0,247.91812450312665,AAPL
0,2010-05-18,2010-05-22,0,246.16511008995084,AAPL
0,2010-05-18,2011-01-22,0,253.684775575137,AAPL
0,2010-05-19,2010-07-17,0,247.3534017304851,AAPL
0,2010-05-19,2010-10-16,0,245.37923336836877,AAPL
0,2010-05-19,2010-06-19,0,251.67073248749716,AAPL
0,2010-05-19,2010-05-22,0,252.85826614642104,AAPL
0,2010-05-19,2011-01-22,0,251.86254558646138,AAPL
0,2010-05-20,2010-07-17,0,239.1932358728266,AAPL
0,2010-05-20,2010-10-16,0,234.15060535803698,AAPL
0,2010-05-20,2010-06-19,0,237.50645339205244,AAPL
0,2010-05-20,2010-05-22,0,230.97675425471323,AAPL
0,2010-05-20,2011-01-22,0,239.88749015327403,AAPL
0,2010-05-21,2010-07-17,0,241.23367467170638,AAPL
0,2010-05-21,2010-10-16,0,244.59495945750285,AAPL
0,2010-05-21,2010-06-19,0,248.4637387975504,AAPL
0,2010-05-21,2010-05-22,0,248.8852284506452,AAPL
0,2010-05-21,2011-01-22,0,231.92811989444317,AAPL
0,2010-05-24,2010-06-19,0,245.37751932620932,AAPL
0,2010-05-24,2010-07-17,0,241.7194781643491,AAPL
0,2010-05-24,2010-10-16,0,251.0848727729785,AAPL
0,2010-05-24,2011-01-22,0,258.33803957853615,AAPL
0,2010-05-24,2012-01-21,0,245.66885653797658,AAPL
0,2010-05-25,2010-06-19,0,241.20810409181607,AAPL
0,2010-05-25,2010-07-17,0,246.57902500038207,AAPL
0,2010-05-25,2010-10-16,0,254.02533914443578,AAPL
0,2010-05-25,2011-01-22,0,240.62081331948326,AAPL
0,2010-05-25,2012-01-21,0,250.77241040082785,AAPL
0,2010-05-26,2010-06-19,0,253.22604370557585,AAPL
0,2010-05-26,2010-07-17,0,236.3592923162661,AAPL
0,2010-05-26,2010-10-16,0,238.65384701021424,AAPL
0,2010-05-26,2011-01-22,0,243.48196171468007,AAPL
0,2010-05-26,2012-01-21,0,246.43811641078352,AAPL
0,2010-05-27,2010-06-19,0,257.5600028736686,AAPL
0,2010-05-27,2010-07-17,0,254.75311362231946,AAPL
0,2010-05-27,2010-10-16,0,245.15660270427605,AAPL
0,2010-05-27,2011-01-22,0,257.31963086396513,AAPL
0,2010-05-27,2012-01-21,0,255.05903403583548,AAPL
0,2010-05-28,2010-06-19,0,263.5691106024447,AAPL
0,2010-05-28,2010-07-17,0,253.84852420808554,AAPL
0,2010-05-28,2010-10-16,0,254.30062737951263,AAPL
0,2010-05-28,2011-01-22,0,261.03318786307295,AAPL
0,2010-05-28,2012-01-21,0,265.6560479951753,AAPL
0,2010-06-01,2010-06-19,0,263.0193147463231,AAPL
0,2010-06-01,2010-07-17,0,252.2307951023819,AAPL
0,2010-06-01,2010-10-16,0,264.22469583953665,AAPL
0,2010-06-01,2011-01-22,0,256.6507705732552,AAPL
0,2010-06-01,2012-01-21,0,266.4643816745263,AAPL
0,2010-06-02,2010-06-19,0,256.34766520983584,AAPL
0,2010-06-02,2010-07-17,0,266.2198171169629,AAPL
0,2010-06-02,2010-10-16,0,260.18143805545304,AAPL
0,2010-06-02,2011-01-22,0,258.23790301240143,AAPL
0,2010-06-02,2012-01-21,0,271.9183750177631,AAPL
0,2010-06-03,2010-06-19,0,264.4358593120133,AAPL
0,2010-06-03,2010-07-17,0,260.0609991799665,AAPL
0,2010-06-03,2010-10-16,0,271.50724012076313,AAPL
0,2010-06-03,2011-01-22,0,262.0504807525516,AAPL
0,2010-06-03,2012-01-21,0,267.5642631678221,AAPL
0,2010-06-04,2010-06-19,0,257.3829529084382,AAPL
0,2010-06-04,2010-07-17,0,252.96132447349453,AAPL
0,2010-06-04,2010-10-16,0,259.02442407430794,AAPL
0,2010-06-04,2011-01-22,0,254.49640774911884,AAPL
0,2010-06-04,2012-01-21,0,258.3383675946067,AAPL
0,2010-06-07,2010-06-19,0,257.885050474191,AAPL
0,2010-06-07,2010-07-17,0,245.90645659863276,AAPL
0,2010-06-07,2010-10-16,0,239.68654248798643,AAPL
0,2010-06-07,2011-01-22,0,260.3995724468666,AAPL
0,2010-06-07,2012-01-21,0,268.6585613388354,AAPL
0,2010-06-08,2010-06-19,0,247.13710544154765,AAPL
0,2010-06-08,2010-07-17,0,239.83225564668166,AAPL
0,2010-06-08,2010-10-16,0,248.21770602002832,AAPL
0,2010-06-08,2011-01-22,0,248.90900550764115,AAPL
0,2010-06-08,2012-01-21,0,252.48711773147423,AAPL
0,2010-06-09,2010-06-19,0,237.8663044571615,AAPL
0,2010-06-09,2010-07-17,0,246.13203627101163,AAPL
0,2010-06-09,2010-10-16,0,246.26265001511902,AAPL
0,2010-06-09,2011-01-22,0,237.0183879828498,AAPL
0,2010-06-09,2012-01-21,0,250.52029148475958,AAPL
0,2010-06-10,2010-06-19,0,261.0300114416568,AAPL
0,2010-06-10,2010-07-17,0,251.46836015788648,AAPL
0,2010-06-10,2010-10-16,0,249.32323320594,AAPL
0,2010-06-10,2011-01-22,0,250.82816334686635,AAPL
0,2010-06-10,2012-01-21,0,257.5593004397531,AAPL
0,2010-06-11,2010-06-19,0,244.9032485656792,AAPL
0,2010-06-11,2010-07-17,0,254.43800716115396,AAPL
0,2010-06-11,2010-10-16,0,252.04561991026924,AAPL
0,2010-06-11,2011-01-22,0,264.1438555970575,AAPL
0,2010-06-11,2012-01-21,0,256.2826632258933,AAPL
0,2010-06-14,2010-06-19,0,262.6919228758457,AAPL
0,2010-06-14,2010-07-17,0,248.70117574402622,AAPL
0,2010-06-14,2010-10-16,0,257.7926076914501,AAPL
0,2010-06-14,2011-01-22,0,256.89369695390326,AAPL
0,2010-06-14,2012-01-21,0,253.81005958117706,AAPL
0,2010-06-15,2010-06-19,0,260.6225321038608,AAPL
0,2010-06-15,2010-07-17,0,266.1485489397259,AAPL
0,2010-06-15,2010-10-16,0,258.525408809221,AAPL
0,2010-06-15,2011-01-22,0,252.09062769392185,AAPL
0,2010-06-15,2012-01-21,0,263.64476978682904,AAPL
0,2010-06-16,2010-06-19,0,262.4770166603748,AAPL
0,2010-06-16,2010-07-17,0,265.47942457037686,AAPL
0,2010-06-16,2010-10-16,0,267.33918673434215,AAPL
0,2010-06-16,2011-01-22,0,259.3082899375931,AAPL
0,2010-06-16,2012-01-21,0,262.0861464657544,AAPL
0,2010-06-17,2010-06-19,0,274.50886375294937,AAPL
0,2010-06-17,2010-07-17,0,269.12047393366163,AAPL
0,2010-06-17,2010-10-16,0,258.7781961586282,AAPL
0,2010-06-17,2011-01-22,0,277.3000577138357,AAPL
0,2010-06-17,2012-01-21,0,277.2740709457381,AAPL
0,2010-06-18,2010-06-19,0,270.1911829865368,AAPL
0,2010-06-18,2010-07-17,0,266.953522866782,AAPL
0,2010-06-18,2010-10-16,0,279.22105841557897,AAPL
0,2010-06-18,2011-01-22,0,277.0948039156363,AAPL
0,2010-06-18,2012-01-21,0,291.6057627499678,AAPL
0,2010-06-21,2010-07-17,0,272.5082685210525,AAPL
0,2010-06-21,2010-08-21,0,272.48780495941645,AAPL
0,2010-06-21,2010-10-16,0,269.7520360207854,AAPL
0,2010-06-21,2011-01-22,0,275.66799082700624,AAPL
0,2010-06-21,2012-01-21,0,277.4648121861704,AAPL
0,2010-06-22,2010-07-17,0,280.58656919177406,AAPL
0,2010-06-22,2010-08-21,0,270.9664467784429,AAPL
0,2010-06-22,2010-10-16,0,271.77895154054636,AAPL
0,2010-06-22,2011-01-22,0,272.03999869099124,AAPL
0,2010-06-22,2012-01-21,0,282.0804160610277,AAPL
0,2010-06-23,2010-07-17,0,278.7614373872775,AAPL
0,2010-06-23,2010-08-21,0,268.2936673709105,AAPL
0,2010-06-23,2010-10-16,0,268.78493636689643,AAPL
0,2010-06-23,2011-01-22,0,273.4163480239608,AAPL
0,2010-06-23,2012-01-21,0,273.52122080367883,AAPL
0,2010-06-24,2010-07-17,0,273.89140349831985,AAPL
0,2010-06-24,2010-08-21,0,257.054489042675,AAPL
0,2010-06-24,2010-10-16,0,264.7838479911975,AAPL
0,2010-06-24,2011-01-22,0,265.5722923820119,AAPL
0,2010-06-24,2012-01-21,0,260.6372199880562,AAPL
0,2010-06-25,2010-08-21,0,265.82855473591144,AAPL
0,2010-06-25,2010-10-16,0,273.19304167007937,AAPL
0,2010-06-25,2010-07-17,0,261.9177556039642,AAPL
0,2010-06-25,2010-07-02,0,261.62589482383765,AAPL
0,2010-06-25,2011-01-22,0,266.44092980282727,AAPL
0,2010-06-28,2010-08-21,0,263.29780771826836,AAPL
0,2010-06-28,2010-10-16,0,263.9006328991684,AAPL
0,2010-06-28,2010-07-17,0,274.03857727627366,AAPL
0,2010-06-28,2010-07-02,0,268.00432879062475,AAPL
0,2010-06-28,2011-01-22,0,272.31883974498174,AAPL
0,2010-06-29,2010-08-21,0,259.96991176249355,AAPL
0,2010-06-29,2010-10-16,0,251.34497621152974,AAPL
0,2010-06-29,2010-07-17,0,256.1436416795997,AAPL
0,2010-06-29,2010-07-02,0,259.51598850387944,AAPL
0,2010-06-29,2011-01-22,0,257.0616674815491,AAPL
0,2010-06-30,2010-08-21,0,255.11697283666322,AAPL
0,2010-06-30,2010-10-16,0,250.1253761592807,AAPL
0,2010-06-30,2010-07-17,0,243.69123318639345,AAPL
0,2010-06-30,2010-07-02,0,245.49159253810285,AAPL
0,2010-06-30,2011-01-22,0,247.22539321476816,AAPL
0,2010-07-01,2010-08-21,0,243.87519240445928,AAPL
0,2010-07-01,2010-07-17,0,240.91597966038577,AAPL
0,2010-07-01,2010-07-09,0,237.10598918741553,AAPL
0,2010-07-01,2010-07-02,0,254.151830905797,AAPL
0,2010-07-01,2010-10-16,0,256.07970112578954,AAPL
0,2010-07-02,2010-08-21,0,247.38834484970377,AAPL
0,2010-07-02,2010-07-17,0,249.19660832463654,AAPL
0,2010-07-02,2010-07-09,0,241.48770934213553,AAPL
0,2010-07-02,2010-07-02,0,241.372692733357,AAPL
0,2010-07-02,2010-10-16,0,250.06292309801466,AAPL
0,2010-07-06,2010-08-21,0,252.47229980890575,AAPL
0,2010-07-06,2010-10-16,0,240.83553444207988,AAPL
0,2010-07-06,2010-07-17,0,252.15678095003236,AAPL
0,2010-07-06,2010-07-09,0,249.42431700518523,AAPL
0,2010-07-06,2011-01-22,0,238.35874052655186,AAPL
0,2010-07-07,2010-08-21,0,249.35531773659793,AAPL
0,2010-07-07,2010-10-16,0,259.5633764323852,AAPL
0,2010-07-07,2010-07-17,0,253.40635062443565,AAPL
0,2010-07-07,2010-07-09,0,264.8878092612308,AAPL
0,2010-07-07,2011-01-22,0,264.38371580363804,AAPL
0,2010-07-08,2010-08-21,0,253.58506032257426,AAPL
0,2010-07-08,2010-10-16,0,258.51733636894795,AAPL
0,2010-07-08,2010-07-17,0,256.0432626489327,AAPL
0,2010-07-08,2010-07-09,0,260.7711687560593,AAPL
0,2010-07-08,2011-01-22,0,257.3467422950575,AAPL
0,2010-07-09,2010-08-21,0,265.7338426225422,AAPL
0,2010-07-09,2010-10-16,0,255.23859607763197,AAPL
0,2010-07-09,2010-07-17,0,269.0760038538771,AAPL
0,2010-07-09,2010-07-09,0,270.4789069448069,AAPL
0,2010-07-09,2011-01-22,0,264.9045265055012,AAPL
0,2010-07-12,2010-07-17,0,259.4654982469345,AAPL
0,2010-07-12,2010-08-21,0,263.868181721558,AAPL
0,2010-07-12,2010-10-16,0,260.93687024619504,AAPL
0,2010-07-12,2011-01-22,0,261.92361814974316,AAPL
0,2010-07-12,2012-01-21,0,263.73029478028803,AAPL
0,2010-07-13,2010-07-17,0,253.52898947263603,AAPL
0,2010-07-13,2010-08-21,0,243.10096756716024,AAPL
0,2010-07-13,2010-10-16,0,252.56856208610455,AAPL
0,2010-07-13,2011-01-22,0,249.77492093925403,AAPL
0,2010-07-13,2012-01-21,0,248.37735400058477,AAPL
0,2010-07-14,2010-07-17,0,261.3792890114295,AAPL
0,2010-07-14,2010-08-21,0,261.7187069928,AAPL
0,2010-07-14,2010-10-16,0,260.01148888205444,AAPL
0,2010-07-14,2011-01-22,0,254.74731073461615,AAPL
0,2010-07-14,2012-01-21,0,262.57765306579967,AAPL
0,2010-07-15,2010-08-21,0,246.10101084177407,AAPL
0,2010-07-15,2010-10-16,0,253.7614462114951,AAPL
0,2010-07-15,2010-07-23,0,252.4896964472636,AAPL
0,2010-07-15,2010-07-17,0,251.5150228124894,AAPL
0,2010-07-15,2011-01-22,0,252.46056627030498,AAPL
0,2010-07-16,2010-08-21,0,259.13892401415967,AAPL
0,2010-07-16,2010-10-16,0,254.7098729235342,AAPL
0,2010-07-16,2010-07-23,0,249.51705189070933,AAPL
0,2010-07-16,2010-07-17,0,249.64641857134063,AAPL
0,2010-07-16,2011-01-22,0,250.64432312039412,AAPL
0,2010-07-19,2010-09-18,0,240.30872790161857,AAPL
0,2010-07-19,2010-10-16,0,245.00527469704926,AAPL
0,2010-07-19,2010-08-21,0,244.43231671098442,AAPL
0,2010-07-19,2010-07-23,0,245.80580711699528,AAPL
0,2010-07-19,2011-01-22,0,242.57426011219425,AAPL
0,2010-07-20,2010-09-18,0,243.04985999770844,AAPL
0,2010-07-20,2010-10-16,0,251.4147729401145,AAPL
0,2010-07-20,2010-08-21,0,253.74113707296755,AAPL
0,2010-07-20,2010-07-23,0,254.48531325885037,AAPL
0,2010-07-20,2011-01-22,0,257.5904740691713,AAPL
0,2010-07-21,2010-09-18,0,250.14484545424813,AAPL
0,2010-07-21,2010-10-16,0,249.04554579333302,AAPL
0,2010-07-21,2010-08-21,0,254.51165423496647,AAPL
0,2010-07-21,2010-07-23,0,259.5145395797771,AAPL
0,2010-07-21,2011-01-22,0,256.61993992314734,AAPL
0,2010-07-22,2010-09-18,0,252.78773744710247,AAPL
0,2010-07-22,2010-08-21,0,258.33112928596245,AAPL
0,2010-07-22,2010-10-16,0,257.6320243652174,AAPL
0,2010-07-22,2010-07-30,0,264.67235178743863,AAPL
0,2010-07-22,2010-07-23,0,265.78186764458405,AAPL
0,2010-07-23,2010-09-18,0,256.8601750262419,AAPL
0,2010-07-23,2010-08-21,0,257.4020878088494,AAPL
0,2010-07-23,2010-10-16,0,261.82782729885645,AAPL
0,2010-07-23,2010-07-30,0,261.27375821727173,AAPL
0,2010-07-23,2010-07-23,0,256.9529413871406,AAPL
0,2010-07-26,2010-09-18,0,256.78566039959605,AAPL
0,2010-07-26,2010-10-16,0,266.92717240234816,AAPL
0,2010-07-26,2010-08-21,0,253.25095197431042,AAPL
0,2010-07-26,2010-07-30,0,260.7095179664267,AAPL
0,2010-07-26,2011-01-22,0,253.9197663158484,AAPL
0,2010-07-27,2010-09-18,0,264.39895938656105,AAPL
0,2010-07-27,2010-10-16,0,263.70785975035375,AAPL
0,2010-07-27,2010-08-21,0,264.2933535248693,AAPL
0,2010-07-27,2010-07-30,0,254.4337594658923,AAPL
0,2010-07-27,2011-01-22,0,271.19105878766874,AAPL
0,2010-07-28,2010-09-18,0,255.28202670447774,AAPL
0,2010-07-28,2010-10-16,0,259.2151782621747,AAPL
0,2010-07-28,2010-08-21,0,269.2951983701572,AAPL
0,2010-07-28,2010-07-30,0,263.0390692899901,AAPL
0,2010-07-28,2011-01-22,0,257.6100394714664,AAPL
0,2010-07-29,2010-09-18,0,256.51803771822614,AAPL
0,2010-07-29,2010-08-21,0,267.82501631199784,AAPL
0,2010-07-29,2010-10-16,0,268.3632051782954,AAPL
0,2010-07-29,2010-08-06,0,265.6028113706671,AAPL
0,2010-07-29,2010-07-30,0,256.4333655192375,AAPL
0,2010-07-30,2010-09-18,0,274.2760005360814,AAPL
0,2010-07-30,2010-08-21,0,259.18576045096063,AAPL
0,2010-07-30,2010-10-16,0,261.8840754098456,AAPL
0,2010-07-30,2010-08-06,0,257.9398744746763,AAPL
0,2010-07-30,2010-07-30,0,256.77042602272826,AAPL
0,2010-08-02,2010-09-18,0,266.68259965858556,AAPL
0,2010-08-02,2010-10-16,0,262.19620580111285,AAPL
0,2010-08-02,2010-08-21,0,259.21178228458825,AAPL
0,2010-08-02,2010-08-06,0,259.9702871715168,AAPL
0,2010-08-02,2011-01-22,0,263.82750150194795,AAPL
0,2010-08-03,2010-09-18,0,251.7691920648,AAPL
0,2010-08-03,2010-10-16,0,265.37061558531417,AAPL
0,2010-08-03,2010-08-21,0,263.8386639914358,AAPL
0,2010-08-03,2010-08-06,0,263.70546967060585,AAPL
0,2010-08-03,2011-01-22,0,257.2637838272,AAPL
0,2010-08-04,2010-09-18,0,259.4745946823647,AAPL
0,2010-08-04,2010-10-16,0,267.59010669705464,AAPL
0,2010-08-04,2010-08-21,0,263.4588804051179,AAPL
0,2010-08-04,2010-08-06,0,262.67712173768473,AAPL
0,2010-08-04,2011-01-22,0,256.5112191041464,AAPL
0,2010-08-05,2010-09-18,0,256.56964410077154,AAPL
0,2010-08-05,2010-08-21,0,263.08307230533273,AAPL
0,2010-08-05,2010-10-16,0,265.7043696377359,AAPL
0,2010-08-05,2010-08-13,0,261.3215683606523,AAPL
0,2010-08-05,2010-08-06,0,258.6586504347804,AAPL
0,2010-08-06,2010-09-18,0,259.66624390462357,AAPL
0,2010-08-06,2010-08-21,0,258.9598372342962,AAPL
0,2010-08-06,2010-10-16,0,260.1391136249077,AAPL
0,2010-08-06,2010-08-13,0,260.02907162062183,AAPL
0,2010-08-06,2010-08-06,0,250.0997285472911,AAPL
0,2010-08-09,2010-09-18,0,256.1911903222083,AAPL
0,2010-08-09,2010-10-16,0,263.4531583921259,AAPL
0,2010-08-09,2010-08-21,0,255.71055326944472,AAPL
0,2010-08-09,2010-08-13,0,256.00540055603335,AAPL
0,2010-08-09,2011-01-22,0,268.85992060918494,AAPL
0,2010-08-10,2010-09-18,0,255.2194294043567,AAPL
0,2010-08-10,2010-10-16,0,256.70236195436826,AAPL
0,2010-08-10,2010-08-21,0,250.71136081394692,AAPL
0,2010-08-10,2010-08-13,0,246.75566151454473,AAPL
0,2010-08-10,2011-01-22,0,257.7566540253113,AAPL
0,2010-08-11,2010-09-18,0,246.90530959170462,AAPL
0,2010-08-11,2010-10-16,0,246.05571938142666,AAPL
0,2010-08-11,2010-08-21,0,255.51530185859485,AAPL
0,2010-08-11,2010-08-13,0,248.63863149124526,AAPL
0,2010-08-11,2011-01-22,0,253.01898445492714,AAPL
0,2010-08-12,2010-09-18,0,251.12210072676274,AAPL
0,2010-08-12,2010-10-16,0,260.0712636155714,AAPL
0,2010-08-12,2010-08-21,0,252.30511050328622,AAPL
0,2010-08-12,2010-08-13,0,253.76193214732072,AAPL
0,2010-08-12,2011-01-22,0,249.12315884050417,AAPL
0,2010-08-13,2010-09-18,0,249.51842061555277,AAPL
0,2010-08-13,2010-10-16,0,243.9382774163614,AAPL
0,2010-08-13,2010-08-21,0,242.83262442475095,AAPL
0,2010-08-13,2010-08-13,0,247.9794345116624,AAPL
0,2010-08-13,2011-01-22,0,245.83069930857684,AAPL
0,2010-08-16,2010-08-21,0,250.3023155033325,AAPL
0,2010-08-16,2010-09-18,0,244.61521079250664,AAPL
0,2010-08-16,2010-10-16,0,252.71633383906894,AAPL
0,2010-08-16,2011-01-22,0,253.87447089986182,AAPL
0,2010-08-16,2012-01-21,0,256.8769925822263,AAPL
0,2010-08-17,2010-08-21,0,254.65942137338823,AAPL
0,2010-08-17,2010-09-18,0,258.94363175708924,AAPL
0,2010-08-17,2010-10-16,0,242.7495588366623,AAPL
0,2010-08-17,2011-01-22,0,250.7797934770169,AAPL
0,2010-08-17,2012-01-21,0,249.5568754576223,AAPL
0,2010-08-18,2010-08-21,0,253.67964585606268,AAPL
0,2010-08-18,2010-09-18,0,250.2521741848714,AAPL
0,2010-08-18,2010-10-16,0,252.35733202352625,AAPL
0,2010-08-18,2011-01-22,0,263.18929254722815,AAPL
0,2010-08-18,2012-01-21,0,254.10084759450956,AAPL
0,2010-08-19,2010-09-18,0,250.31449883373037,AAPL
0,2010-08-19,2010-10-16,0,250.03263751938502,AAPL
0,2010-08-19,2010-08-27,0,248.73619324487547,AAPL
0,2010-08-19,2010-08-21,0,251.96016705070085,AAPL
0,2010-08-19,2011-01-22,0,252.52085171267166,AAPL
0,2010-08-20,2010-09-18,0,252.65510559820916,AAPL
0,2010-08-20,2010-10-16,0,244.07481337925162,AAPL
0,2010-08-20,2010-08-27,0,251.20318363366462,AAPL
0,2010-08-20,2010-08-21,0,258.0039446735539,AAPL
0,2010-08-20,2011-01-22,0,249.57720068343932,AAPL
0,2010-08-23,2010-10-16,0,250.30473185086268,AAPL
0,2010-08-23,2011-01-22,0,248.56983739378825,AAPL
0,2010-08-23,2010-09-18,0,246.8755465322984,AAPL
0,2010-08-23,2010-08-27,0,250.10130507157865,AAPL
0,2010-08-23,2011-04-16,0,252.35905700313276,AAPL
0,2010-08-24,2010-10-16,0,226.37016525000158,AAPL
0,2010-08-24,2011-01-22,0,242.13681118924183,AAPL
0,2010-08-24,2010-09-18,0,241.5910744030619,AAPL
0,2010-08-24,2010-08-27,0,238.23427076144486,AAPL
0,2010-08-24,2011-04-16,0,223.6116112632743,AAPL
0,2010-08-25,2010-10-16,0,237.4119432400501,AAPL
0,2010-08-25,2011-01-22,0,239.8408310573912,AAPL
0,2010-08-25,2010-09-18,0,245.26385352106746,AAPL
0,2010-08-25,2010-08-27,0,245.0980101172068,AAPL
0,2010-08-25,2011-04-16,0,250.3337214427155,AAPL
0,2010-08-26,2010-10-16,0,248.28031269083215,AAPL
0,2010-08-26,2010-09-18,0,242.28913261522507,AAPL
0,2010-08-26,2010-09-03,0,240.2842736123496,AAPL
0,2010-08-26,2010-08-27,0,251.30575089235035,AAPL
0,2010-08-26,2011-01-22,0,241.27684344997672,AAPL
0,2010-08-27,2010-10-16,0,238.1049820350565,AAPL
0,2010-08-27,2010-09-18,0,240.31254879186343,AAPL
0,2010-08-27,2010-09-03,0,234.95596828227016,AAPL
0,2010-08-27,2010-08-27,0,241.44797094829892,AAPL
0,2010-08-27,2011-01-22,0,246.49776951688708,AAPL
0,2010-08-30,2010-10-16,0,245.60340046822841,AAPL
0,2010-08-30,2011-01-22,0,238.03889698984167,AAPL
0,2010-08-30,2010-09-18,0,243.6176924039041,AAPL
0,2010-08-30,2010-09-03,0,241.99235562967218,AAPL
0,2010-08-30,2011-04-16,0,238.0793388289307,AAPL
0,2010-08-31,2010-10-16,0,245.35833585840382,AAPL
0,2010-08-31,2011-01-22,0,245.71359623744002,AAPL
0,2010-08-31,2010-09-18,0,236.33836829142246,AAPL
0,2010-08-31,2010-09-03,0,241.10854283091035,AAPL
0,2010-08-31,2011-04-16,0,236.3502203409012,AAPL
0,2010-09-01,2010-10-16,0,253.258513468031,AAPL
0,2010-09-01,2011-01-22,0,243.57192926534725,AAPL
0,2010-09-01,2010-09-18,0,251.83913195074103,AAPL
0,2010-09-01,2010-09-03,0,254.04355144218684,AAPL
0,2010-09-01,2011-04-16,0,252.50867303588544,AAPL
0,2010-09-02,2010-10-16,0,261.2615547398422,AAPL
0,2010-09-02,2010-09-18,0,259.4971655206597,AAPL
0,2010-09-02,2010-09-10,0,256.31032040830297,AAPL
0,2010-09-02,2010-09-03,0,249.748559903538,AAPL
0,2010-09-02,2011-01-22,0,259.2005210876902,AAPL
0,2010-09-03,2010-10-16,0,262.93688564700506,AAPL
0,2010-09-03,2010-09-18,0,259.2148165950505,AAPL
0,2010-09-03,2010-09-10,0,259.166276247705,AAPL
0,2010-09-03,2010-09-03,0,262.76919234145595,AAPL
0,2010-09-03,2011-01-22,0,258.7328636928156,AAPL
0,2010-09-07,2010-10-16,0,259.6512610451913,AAPL
0,2010-09-07,2011-01-22,0,261.65809353580164,AAPL
0,2010-09-07,2010-09-18,0,257.84555167437617,AAPL
0,2010-09-07,2010-09-10,0,261.10485636582996,AAPL
0,2010-09-07,2011-04-16,0,256.5242557605411,AAPL
0,2010-09-08,2010-10-16,0,270.4326964221485,AAPL
0,2010-09-08,2011-01-22,0,260.50306349983487,AAPL
0,2010-09-08,2010-09-18,0,256.19488266626246,AAPL
0,2010-09-08,2010-09-10,0,264.92338501565587,AAPL
0,2010-09-08,2011-04-16,0,254.8837466303108,AAPL
0,2010-09-09,2010-10-16,0,261.7033427284958,AAPL
0,2010-09-09,2011-01-22,0,261.66447199630744,AAPL
0,2010-09-09,2010-09-18,0,263.361209238941,AAPL
0,2010-09-09,2010-09-10,0,257.7541600838676,AAPL
0,2010-09-09,2011-04-16,0,267.030977290505,AAPL
0,2010-09-10,2010-10-16,0,266.5018838598396,AAPL
0,2010-09-10,2011-01-22,0,252.70572114673783,AAPL
0,2010-09-10,2010-09-18,0,265.23320895002223,AAPL
0,2010-09-10,2010-09-10,0,265.08028073019915,AAPL
0,2010-09-10,2011-04-16,0,261.9956826828228,AAPL
0,2010-09-13,2011-01-22,0,273.02503991805054,AAPL
0,2010-09-13,2011-04-16,0,274.0876256004161,AAPL
0,2010-09-13,2010-10-16,0,267.07865849329596,AAPL
0,2010-09-13,2010-09-18,0,267.24199605307143,AAPL
0,2010-09-13,2012-01-21,0,270.0857840951689,AAPL
0,2010-09-14,2011-01-22,0,268.3789957279807,AAPL
0,2010-09-14,2011-04-16,0,274.0097214263559,AAPL
0,2010-09-14,2010-10-16,0,265.2623765162479,AAPL
0,2010-09-14,2010-09-18,0,270.6812629065271,AAPL
0,2010-09-14,2012-01-21,0,266.9236236310193,AAPL
0,2010-09-15,2011-01-22,0,275.8683437606906,AAPL
0,2010-09-15,2011-04-16,0,274.6303552195011,AAPL
0,2010-09-15,2010-10-16,0,265.1677529322097,AAPL
0,2010-09-15,2010-09-18,0,273.91159786007256,AAPL
0,2010-09-15,2012-01-21,0,272.6439454127975,AAPL
0,2010-09-16,2011-01-22,0,271.65749600059513,AAPL
0,2010-09-16,2011-04-16,0,279.6118084866497,AAPL
0,2010-09-16,2010-10-16,0,279.64761824710973,AAPL
0,2010-09-16,2010-09-24,0,273.6271999453006,AAPL
0,2010-09-16,2010-09-18,0,271.8617927397313,AAPL
0,2010-09-17,2011-01-22,0,283.9438406825061,AAPL
0,2010-09-17,2011-04-16,0,276.82255033917875,AAPL
0,2010-09-17,2010-10-16,0,267.9435777086563,AAPL
0,2010-09-17,2010-09-24,0,289.1099184251,AAPL
0,2010-09-17,2010-09-18,0,275.976458872849,AAPL
0,2010-09-20,2011-01-22,0,280.9827306692919,AAPL
0,2010-09-20,2010-11-20,0,291.73179815639816,AAPL
0,2010-09-20,2011-04-16,0,290.3489277660899,AAPL
0,2010-09-20,2010-10-16,0,282.41280573376093,AAPL
0,2010-09-20,2010-09-24,0,285.768428148967,AAPL
0,2010-09-21,2011-01-22,0,283.54740060243995,AAPL
0,2010-09-21,2010-11-20,0,292.0882195008943,AAPL
0,2010-09-21,2011-04-16,0,283.22503515048777,AAPL
0,2010-09-21,2010-10-16,0,286.266041581257,AAPL
0,2010-09-21,2010-09-24,0,277.75671515771046,AAPL
0,2010-09-22,2011-01-22,0,295.7377399318838,AAPL
0,2010-09-22,2010-11-20,0,289.1513419620165,AAPL
0,2010-09-22,2011-04-16,0,304.9904269373314,AAPL
0,2010-09-22,2010-10-16,0,282.4963929157191,AAPL
0,2010-09-22,2010-09-24,0,278.731808537142,AAPL
0,2010-09-23,2010-11-20,0,288.8747037200093,AAPL
0,2010-09-23,2011-01-22,0,289.33913835355816,AAPL
0,2010-09-23,2010-10-16,0,290.91674642880423,AAPL
0,2010-09-23,2010-10-01,0,287.4627741195135,AAPL
0,2010-09-23,2010-09-24,0,290.33396904724043,AAPL
0,2010-09-24,2010-11-20,0,292.50331324792484,AAPL
0,2010-09-24,2011-01-22,0,297.33079036341366,AAPL
0,2010-09-24,2010-10-16,0,288.9005583076938,AAPL
0,2010-09-24,2010-10-01,0,290.69430170603624,AAPL
0,2010-09-24,2010-09-24,0,296.1641952594625,AAPL
0,2010-09-27,2011-01-22,0,298.80295524699847,AAPL
0,2010-09-27,2010-11-20,0,297.0172961424072,AAPL
0,2010-09-27,2011-04-16,0,298.41260258265606,AAPL
0,2010-09-27,2010-10-16,0,294.09751958420344,AAPL
0,2010-09-27,2010-10-01,0,300.51515663186524,AAPL
0,2010-09-28,2011-01-22,0,279.47802759290295,AAPL
0,2010-09-28,2010-11-20,0,291.0309515947443,AAPL
0,2010-09-28,2011-04-16,0,282.89660374188077,AAPL
0,2010-09-28,2010-10-16,0,280.6684002281992,AAPL
0,2010-09-28,2010-10-01,0,289.86297091733206,AAPL
0,2010-09-29,2011-01-22,0,286.28381312001255,AAPL
0,2010-09-29,2010-11-20,0,280.9388481606985,AAPL
0,2010-09-29,2011-04-16,0,288.51299881287554,AAPL
0,2010-09-29,2010-10-16,0,285.8013533914107,AAPL
0,2010-09-29,2010-10-01,0,296.0512044410132,AAPL
0,2010-09-30,2010-11-20,0,286.43228506441113,AAPL
0,2010-09-30,2011-01-22,0,284.05525345125835,AAPL
0,2010-09-30,2010-10-16,0,278.22583481154277,AAPL
0,2010-09-30,2010-10-08,0,285.77074262792667,AAPL
0,2010-09-30,2010-10-01,0,281.7091371352332,AAPL
0,2010-10-01,2010-11-20,0,281.25757484442425,AAPL
0,2010-10-01,2011-01-22,0,271.19151842240683,AAPL
0,2010-10-01,2010-10-16,0,281.9939465115342,AAPL
0,2010-10-01,2010-10-08,0,292.7224137274314,AAPL
0,2010-10-01,2010-10-01,0,280.997620975538,AAPL
0,2010-10-04,2011-01-22,0,279.26045872094454,AAPL
0,2010-10-04,2010-11-20,0,286.02045071756254,AAPL
0,2010-10-04,2011-04-16,0,279.3855459665468,AAPL
0,2010-10-04,2010-10-16,0,277.74416705952166,AAPL
0,2010-10-04,2010-10-08,0,286.45533450751856,AAPL
0,2010-10-05,2011-01-22,0,286.0919304701921,AAPL
0,2010-10-05,2010-11-20,0,277.70301048386216,AAPL
0,2010-10-05,2011-04-16,0,289.5601476910978,AAPL
0,2010-10-05,2010-10-16,0,275.86280213495314,AAPL
0,2010-10-05,2010-10-08,0,299.0515019926488,AAPL
0,2010-10-06,2011-01-22,0,290.1271762426742,AAPL
0,2010-10-06,2010-11-20,0,294.90492193530423,AAPL
0,2010-10-06,2011-04-16,0,294.98570238174955,AAPL
0,2010-10-06,2010-10-16,0,294.5889608145245,AAPL
0,2010-10-06,2010-10-08,0,286.98010636030716,AAPL
0,2010-10-07,2011-01-22,0,298.1381381229196,AAPL
0,2010-10-07,2010-11-20,0,289.32760698922556,AAPL
0,2010-10-07,2011-04-16,0,275.864316778359,AAPL
0,2010-10-07,2010-10-16,0,289.7999058171594,AAPL
0,2010-10-07,2010-10-08,0,293.2867895210015,AAPL
0,2010-10-08,2011-01-22,0,288.5888074559173,AAPL
0,2010-10-08,2010-11-20,0,285.4328977525387,AAPL
0,2010-10-08,2011-04-16,0,289.541588455684,AAPL
0,2010-10-08,2010-10-16,0,292.4932111386264,AAPL
0,2010-10-08,2010-10-08,0,291.94126801105284,AAPL
0,2010-10-11,2011-01-22,0,288.8986533123112,AAPL
0,2010-10-11,2011-04-16,0,284.7772292414677,AAPL
0,2010-10-11,2010-11-20,0,293.31168090954407,AAPL
0,2010-10-11,2010-10-16,0,292.94786330030416,AAPL
0,2010-10-11,2012-01-21,0,296.1782038787149,AAPL
0,2010-10-12,2011-01-22,0,294.27847027485615,AAPL
0,2010-10-12,2011-04-16,0,299.93202873587285,AAPL
0,2010-10-12,2010-11-20,0,289.2252121719088,AAPL
0,2010-10-12,2010-10-16,0,298.04209599354783,AAPL
0,2010-10-12,2012-01-21,0,302.28786013911144,AAPL
0,2010-10-13,2011-01-22,0,295.6205847613938,AAPL
0,2010-10-13,2011-04-16,0,304.46230719827287,AAPL
0,2010-10-13,2010-11-20,0,305.39863933746443,AAPL
0,2010-10-13,2010-10-16,0,292.32323118274627,AAPL
0,2010-10-13,2012-01-21,0,301.59252726521964,AAPL
0,2010-10-14,2011-01-22,0,301.68204917347674,AAPL
0,2010-10-14,2010-11-20,0,305.96750237501476,AAPL
0,2010-10-14,2011-04-16,0,312.25461501504805,AAPL
0,2010-10-14,2010-10-22,0,304.3478103348939,AAPL
0,2010-10-14,2010-10-16,0,300.4084301697518,AAPL
0,2010-10-15,2011-01-22,0,307.14744867454584,AAPL
0,2010-10-15,2010-11-20,0,327.1693878812809,AAPL
0,2010-10-15,2011-04-16,0,309.4872626180983,AAPL
0,2010-10-15,2010-10-22,0,326.79557569708993,AAPL
0,2010-10-15,2010-10-16,0,319.4996854023772,AAPL
0,2010-10-18,2011-01-22,0,317.4620464613399,AAPL
0,2010-10-18,2010-12-18,0,320.8411828693911,AAPL
0,2010-10-18,2010-11-20,0,314.9505881692103,AAPL
0,2010-10-18,2011-04-16,0,314.45706393764544,AAPL
0,2010-10-18,2010-10-22,0,309.70755690170324,AAPL
0,2010-10-19,2011-01-22,0,315.2149119940893,AAPL
0,2010-10-19,2010-12-18,0,311.39090835258145,AAPL
0,2010-10-19,2010-11-20,0,323.8746675506785,AAPL
0,2010-10-19,2011-04-16,0,307.0330389031975,AAPL
0,2010-10-19,2010-10-22,0,304.09997232797883,AAPL
0,2010-10-20,2011-01-22,0,296.75044063412395,AAPL
0,2010-10-20,2010-12-18,0,299.21913571225025,AAPL
0,2010-10-20,2010-11-20,0,301.6787409617813,AAPL
0,2010-10-20,2011-04-16,0,303.6334418321345,AAPL
0,2010-10-20,2010-10-22,0,294.49449442702235,AAPL
0,2010-10-21,2010-12-18,0,303.9299715445631,AAPL
0,2010-10-21,2011-01-22,0,312.8343356687688,AAPL
0,2010-10-21,2010-11-20,0,314.20631358188916,AAPL
0,2010-10-21,2010-10-29,0,311.7302814154045,AAPL
0,2010-10-21,2010-10-22,0,317.6153094769126,AAPL
0,2010-10-22,2010-12-18,0,299.90458008822435,AAPL
0,2010-10-22,2011-01-22,0,307.7790625224499,AAPL
0,2010-10-22,2010-11-20,0,300.15650049729857,AAPL
0,2010-10-22,2010-10-29,0,303.520728269749,AAPL
0,2010-10-22,2010-10-22,0,310.97150367778715,AAPL
0,2010-10-25,2011-01-22,0,317.0669142343024,AAPL
0,2010-10-25,2010-12-18,0,318.710369631738,AAPL
0,2010-10-25,2010-11-20,0,312.74013279352596,AAPL
0,2010-10-25,2011-04-16,0,303.20003739436265,AAPL
0,2010-10-25,2010-10-29,0,312.39299706279564,AAPL
0,2010-10-26,2011-01-22,0,297.302011046475,AAPL
0,2010-10-26,2010-12-18,0,305.6009859742557,AAPL
0,2010-10-26,2010-11-20,0,308.3829994420107,AAPL
0,2010-10-26,2011-04-16,0,307.49645515976096,AAPL
0,2010-10-26,2010-10-29,0,314.56172368657735,AAPL
0,2010-10-27,2011-01-22,0,303.62166162155233,AAPL
0,2010-10-27,2010-12-18,0,309.8210861367179,AAPL
0,2010-10-27,2010-11-20,0,302.9223594251901,AAPL
0,2010-10-27,2011-04-16,0,304.4800313939165,AAPL
0,2010-10-27,2010-10-29,0,317.31575634033834,AAPL
0,2010-10-28,2010-12-18,0,305.9566613615452,AAPL
0,2010-10-28,2011-01-22,0,310.3602144784999,AAPL
0,2010-10-28,2010-11-20,0,311.45270966479313,AAPL
0,2010-10-28,2010-11-05,0,302.32690650255216,AAPL
0,2010-10-28,2010-10-29,0,316.049288183479,AAPL
0,2010-10-29,2010-12-18,0,304.69169237830283,AAPL
0,2010-10-29,2011-01-22,0,310.5939993043595,AAPL
0,2010-10-29,2010-11-20,0,304.96709598519885,AAPL
0,2010-10-29,2010-11-05,0,305.0067057361061,AAPL
0,2010-10-29,2010-10-29,0,295.9891243561244,AAPL
0,2010-11-01,2011-02-19,0,306.69386177350304,AAPL
0,2010-11-01,2011-01-22,0,314.41189073606927,AAPL
0,2010-11-01,2011-04-16,0,303.32224930495266,AAPL
0,2010-11-01,2010-12-18,0,300.6626504430527,AAPL
0,2010-11-01,2010-11-20,0,304.3033828414668,AAPL
0,2010-11-02,2011-02-19,0,309.50847597123027,AAPL
0,2010-11-02,2011-01-22,0,301.4633928611121,AAPL
0,2010-11-02,2011-04-16,0,322.49918108347396,AAPL
0,2010-11-02,2010-12-18,0,311.02443619412975,AAPL
0,2010-11-02,2010-11-20,0,309.7735520772704,AAPL
0,2010-11-03,2011-02-19,0,303.3760374211477,AAPL
0,2010-11-03,2011-01-22,0,318.3431861921128,AAPL
0,2010-11-03,2011-04-16,0,309.1450250238931,AAPL
0,2010-11-03,2010-12-18,0,314.48333956942565,AAPL
0,2010-11-03,2010-11-20,0,299.6426932663689,AAPL
0,2010-11-04,2011-01-22,0,302.8298188044198,AAPL
0,2010-11-04,2011-02-19,0,312.09254848317715,AAPL
0,2010-11-04,2010-12-18,0,316.49764157799467,AAPL
0,2010-11-04,2011-04-16,0,326.6130837139768,AAPL
0,2010-11-04,2010-11-20,0,322.73207734817964,AAPL
0,2010-11-05,2011-01-22,0,329.2102447180484,AAPL
0,2010-11-05,2011-02-19,0,316.1432299427962,AAPL
0,2010-11-05,2010-12-18,0,320.83778217596785,AAPL
0,2010-11-05,2011-04-16,0,320.02363852778933,AAPL
0,2010-11-05,2010-11-20,0,319.65736734931016,AAPL
0,2010-11-08,2011-02-19,0,325.15327105299326,AAPL
0,2010-11-08,2011-01-22,0,320.28938884668463,AAPL
0,2010-11-08,2011-04-16,0,321.0064062958708,AAPL
0,2010-11-08,2010-12-18,0,308.9122670588047,AAPL
0,2010-11-08,2010-11-20,0,318.4563734291222,AAPL
0,2010-11-09,2011-02-19,0,318.5880055451624,AAPL
0,2010-11-09,2011-01-22,0,317.4925306743607,AAPL
0,2010-11-09,2011-04-16,0,328.26712009071116,AAPL
0,2010-11-09,2010-12-18,0,321.20758058029,AAPL
0,2010-11-09,2010-11-20,0,308.73230570724655,AAPL
0,2010-11-10,2011-02-19,0,314.98304303627236,AAPL
0,2010-11-10,2011-01-22,0,320.9886491329394,AAPL
0,2010-11-10,2011-04-16,0,312.02022586495633,AAPL
0,2010-11-10,2010-12-18,0,320.79926393029035,AAPL
0,2010-11-10,2010-11-20,0,312.87855930405965,AAPL
0,2010-11-11,2011-02-19,0,308.86746772970235,AAPL
0,2010-11-11,2011-01-22,0,320.4339419025171,AAPL
0,2010-11-11,2011-04-16,0,319.4290793620832,AAPL
0,2010-11-11,2010-12-18,0,315.14160828258474,AAPL
0,2010-11-11,2010-11-20,0,315.9287988086989,AAPL
0,2010-11-12,2011-02-19,0,314.0019157188784,AAPL
0,2010-11-12,2011-01-22,0,305.8911172719651,AAPL
0,2010-11-12,2011-04-16,0,297.9947035371498,AAPL
0,2010-11-12,2010-12-18,0,306.54859893820816,AAPL
0,2010-11-12,2010-11-20,0,305.5292783407571,AAPL
0,2010-11-15,2011-02-19,0,313.24360844032105,AAPL
0,2010-11-15,2011-04-16,0,298.30553701212153,AAPL
0,2010-11-15,2011-01-22,0,314.95411578228106,AAPL
0,2010-11-15,2010-12-18,0,315.3772678312171,AAPL
0,2010-11-15,2010-11-20,0,300.202220871282,AAPL
0,2010-11-16,2011-02-19,0,302.9115318992179,AAPL
0,2010-11-16,2011-04-16,0,303.7946355202374,AAPL
0,2010-11-16,2011-01-22,0,305.13003264690855,AAPL
0,2010-11-16,2010-12-18,0,303.86612033492014,AAPL
0,2010-11-16,2010-11-20,0,301.4517916036657,AAPL
0,2010-11-17,2011-02-19,0,301.30726959171113,AAPL
0,2010-11-17,2011-04-16,0,308.5274252066551,AAPL
0,2010-11-17,2011-01-22,0,290.3068120175368,AAPL
0,2010-11-17,2010-12-18,0,299.5401362869144,AAPL
0,2010-11-17,2010-11-20,0,298.6044162487345,AAPL
0,2010-11-18,2011-02-19,0,297.33319105278724,AAPL
0,2010-11-18,2011-01-22,0,311.4563755115607,AAPL
0,2010-11-18,2011-04-16,0,320.57138372374567,AAPL
0,2010-11-18,2010-12-18,0,305.1662715991635,AAPL
0,2010-11-18,2010-11-26,0,317.69696756354557,AAPL
0,2010-11-19,2011-02-19,0,303.96572041318564,AAPL
0,2010-11-19,2011-01-22,0,305.6375796632901,AAPL
0,2010-11-19,2011-04-16,0,303.60511138406724,AAPL
0,2010-11-19,2010-12-18,0,304.8117230217148,AAPL
0,2010-11-19,2010-11-26,0,314.08606777722196,AAPL
0,2010-11-22,2011-03-19,0,304.0059885019714,AAPL
0,2010-11-22,2011-02-19,0,327.89935916723834,AAPL
0,2010-11-22,2011-04-16,0,321.8029047537346,AAPL
0,2010-11-22,2011-01-22,0,310.898913622149,AAPL
0,2010-11-22,2010-12-18,0,316.55942190681134,AAPL
0,2010-11-23,2011-03-19,0,307.7726158854809,AAPL
0,2010-11-23,2011-02-19,0,307.6303712735582,AAPL
0,2010-11-23,2011-04-16,0,311.59056931972304,AAPL
0,2010-11-23,2011-01-22,0,309.05560875371543,AAPL
0,2010-11-23,2010-12-18,0,314.84095935971186,AAPL
0,2010-11-24,2011-02-19,0,313.3632659045622,AAPL
0,2010-11-24,2011-03-19,0,309.37776500014473,AAPL
0,2010-11-24,2011-01-22,0,319.69301575687797,AAPL
0,2010-11-24,2011-04-16,0,309.87562346964955,AAPL
0,2010-11-24,2010-12-18,0,318.998640711221,AAPL
0,2010-11-26,2011-02-19,0,311.11890655113274,AAPL
0,2010-11-26,2011-03-19,0,317.6875409409396,AAPL
0,2010-11-26,2011-01-22,0,322.31528739854065,AAPL
0,2010-11-26,2011-04-16,0,306.88276827297005,AAPL
0,2010-11-26,2010-12-18,0,307.28823050553376,AAPL
0,2010-11-29,2011-03-19,0,315.19809819581803,AAPL
0,2010-11-29,2011-02-19,0,313.39339152988504,AAPL
0,2010-11-29,2011-04-16,0,320.6433014800918,AAPL
0,2010-11-29,2011-01-22,0,315.08927451866685,AAPL
0,2010-11-29,2010-12-18,0,326.6602741925459,AAPL
0,2010-11-30,2011-03-19,0,313.7806076404279,AAPL
0,2010-11-30,2011-02-19,0,322.74176734919695,AAPL
0,2010-11-30,2011-04-16,0,317.7462427975087,AAPL
0,2010-11-30,2011-01-22,0,311.87374015859183,AAPL
0,2010-11-30,2010-12-18,0,325.83730968936885,AAPL
0,2010-12-01,2011-03-19,0,307.8649518542511,AAPL
0,2010-12-01,2011-02-19,0,308.16178435171093,AAPL
0,2010-12-01,2011-04-16,0,305.90259663883023,AAPL
0,2010-12-01,2011-01-22,0,308.5117314587157,AAPL
0,2010-12-01,2010-12-18,0,316.69408430231033,AAPL
0,2010-12-02,2011-02-19,0,309.2482583884672,AAPL
0,2010-12-02,2011-03-19,0,316.0256688760272,AAPL
0,2010-12-02,2011-01-22,0,331.8943103643731,AAPL
0,2010-12-02,2011-04-16,0,329.6852029029372,AAPL
0,2010-12-02,2010-12-18,0,317.0411918749201,AAPL
0,2010-12-03,2011-02-19,0,309.0187189840623,AAPL
0,2010-12-03,2011-03-19,0,319.86595282289346,AAPL
0,2010-12-03,2011-01-22,0,323.07985810136523,AAPL
0,2010-12-03,2011-04-16,0,319.02038019431814,AAPL
0,2010-12-03,2010-12-18,0,312.1597949931232,AAPL
0,2010-12-06,2011-03-19,0,313.1856888147159,AAPL
0,2010-12-06,2011-02-19,0,322.44628765176503,AAPL
0,2010-12-06,2011-04-16,0,325.1788347344974,AAPL
0,2010-12-06,2011-01-22,0,313.2850767494492,AAPL
0,2010-12-06,2010-12-18,0,317.9213479250321,AAPL
0,2010-12-07,2011-03-19,0,305.3798499925744,AAPL
0,2010-12-07,2011-02-19,0,321.61672677192087,AAPL
0,2010-12-07,2011-04-16,0,318.35884730661815,AAPL
0,2010-12-07,2011-01-22,0,316.9893246796438,AAPL
0,2010-12-07,2010-12-18,0,320.3443654595088,AAPL
0,2010-12-08,2011-03-19,0,322.66871356535523,AAPL
0,2010-12-08,2011-02-19,0,310.5841870475072,AAPL
0,2010-12-08,2011-04-16,0,316.8650258129369,AAPL
0,2010-12-08,2011-01-22,0,308.5439296604694,AAPL
0,2010-12-08,2010-12-18,0,326.74962232805075,AAPL
0,2010-12-09,2011-03-19,0,317.3433927817429,AAPL
0,2010-12-09,2011-02-19,0,318.7488532763829,AAPL
0,2010-12-09,2011-04-16,0,327.137700629269,AAPL
0,2010-12-09,2011-01-22,0,318.36957830351207,AAPL
0,2010-12-09,2010-12-18,0,302.5755394306824,AAPL
0,2010-12-10,2011-03-19,0,313.46323010653464,AAPL
0,2010-12-10,2011-02-19,0,327.1104385080389,AAPL
0,2010-12-10,2011-04-16,0,334.11704313182054,AAPL
0,2010-12-10,2011-01-22,0,322.6537053662403,AAPL
0,2010-12-10,2010-12-18,0,324.1587162726082,AAPL
0,2010-12-13,2011-03-19,0,327.40007588901324,AAPL
0,2010-12-13,2011-04-16,0,323.57977550087753,AAPL
0,2010-12-13,2011-02-19,0,320.1762749417842,AAPL
0,2010-12-13,2011-01-22,0,331.67345254044267,AAPL
0,2010-12-13,2010-12-18,0,315.7516818799395,AAPL
0,2010-12-14,2011-03-19,0,322.83961050021423,AAPL
0,2010-12-14,2011-04-16,0,310.57433860105357,AAPL
0,2010-12-14,2011-02-19,0,323.6911130885579,AAPL
0,2010-12-14,2011-01-22,0,314.8374372457857,AAPL
0,2010-12-14,2010-12-18,0,309.0923908452469,AAPL
0,2010-12-15,2011-03-19,0,325.62979588072704,AAPL
0,2010-12-15,2011-04-16,0,325.9935335068072,AAPL
0,2010-12-15,2011-02-19,0,315.90287664159604,AAPL
0,2010-12-15,2011-01-22,0,316.4483954599262,AAPL
0,2010-12-15,2010-12-18,0,311.6710005090611,AAPL
0,2010-12-16,2011-03-19,0,314.12400439186183,AAPL
0,2010-12-16,2011-02-19,0,317.36791472426876,AAPL
0,2010-12-16,2011-04-16,0,322.67066626827307,AAPL
0,2010-12-16,2011-01-22,0,315.3517918097439,AAPL
0,2010-12-16,2010-12-23,0,313.95108719858956,AAPL
0,2010-12-17,2011-03-19,0,312.87408265424597,AAPL
0,2010-12-17,2011-02-19,0,311.58904496264546,AAPL
0,2010-12-17,2011-04-16,0,321.1675803724763,AAPL
0,2010-12-17,2011-01-22,0,320.6122117230524,AAPL
0,2010-12-17,2010-12-23,0,322.7057914031771,AAPL
0,2010-12-20,2011-04-16,0,321.8044527485107,AAPL
0,2010-12-20,2011-03-19,0,317.9658692187306,AAPL
0,2010-12-20,2011-02-19,0,325.9403410560619,AAPL
0,2010-12-20,2011-01-22,0,321.30318066261094,AAPL
0,2010-12-20,2011-07-16,0,312.6636551765651,AAPL
0,2010-12-21,2011-04-16,0,319.86171020979,AAPL
0,2010-12-21,2011-03-19,0,323.3338223721308,AAPL
0,2010-12-21,2011-02-19,0,315.3475627698194,AAPL
0,2010-12-21,2011-01-22,0,315.41245766943865,AAPL
0,2010-12-21,2011-07-16,0,327.41306943838936,AAPL
0,2010-12-22,2011-04-16,0,333.8524588462573,AAPL
0,2010-12-22,2011-03-19,0,332.86730670224745,AAPL
0,2010-12-22,2011-02-19,0,324.9606663777469,AAPL
0,2010-12-22,2011-01-22,0,318.36305419192337,AAPL
0,2010-12-22,2011-07-16,0,316.76105259351226,AAPL
0,2010-12-23,2011-03-19,0,322.21729037331664,AAPL
0,2010-12-23,2011-04-16,0,323.67511080834225,AAPL
0,2010-12-23,2011-02-19,0,325.62639711010326,AAPL
0,2010-12-23,2011-01-22,0,321.1959252385306,AAPL
0,2010-12-23,2010-12-31,0,322.2112706292046,AAPL
0,2010-12-27,2011-04-16,0,325.3226430155041,AAPL
0,2010-12-27,2011-03-19,0,328.69035664330914,AAPL
0,2010-12-27,2011-02-19,0,319.92307783220906,AAPL
0,2010-12-27,2011-01-22,0,326.8527788083931,AAPL
0,2010-12-27,2011-07-16,0,330.39933908403697,AAPL
0,2010-12-28,2011-04-16,0,317.95425372413797,AAPL
0,2010-12-28,2011-03-19,0,332.8019477325056,AAPL
0,2010-12-28,2011-02-19,0,328.06394052805723,AAPL
0,2010-12-28,2011-01-22,0,336.05051511582417,AAPL
0,2010-12-28,2011-07-16,0,320.82056869316386,AAPL
0,2010-12-29,2011-04-16,0,324.28886123180024,AAPL
0,2010-12-29,2011-03-19,0,325.5698613396097,AAPL
0,2010-12-29,2011-02-19,0,331.82790847682026,AAPL
0,2010-12-29,2011-01-22,0,314.0610174666487,AAPL
0,2010-12-29,2011-07-16,0,316.51658137316537,AAPL
0,2010-12-30,2011-03-19,0,322.72514012816504,AAPL
0,2010-12-30,2011-04-16,0,319.50805419494986,AAPL
0,2010-12-30,2011-02-19,0,331.4568959073264,AAPL
0,2010-12-30,2011-01-22,0,322.94348404277514,AAPL
0,2010-12-30,2011-01-07,0,324.0229416728134,AAPL
0,2010-12-31,2011-03-19,0,327.66369716452056,AAPL
0,2010-12-31,2011-04-16,0,323.69693119633644,AAPL
0,2010-12-31,2011-02-19,0,311.53020730452096,AAPL
0,2010-12-31,2011-01-22,0,325.12775108145473,AAPL
0,2010-12-31,2011-01-07,0,312.5862255959282,AAPL
