DATE,OPEN,HIGH,LOW,CLOSE
2010-01-01,19.95394697797917,19.95394697797917,19.95394697797917,19.95394697797917
2010-01-04,19.403314383187368,19.403314383187368,19.403314383187368,19.403314383187368
2010-01-05,19.456306546136766,19.456306546136766,19.456306546136766,19.456306546136766
2010-01-06,19.20475151843313,19.20475151843313,19.20475151843313,19.20475151843313
2010-01-07,19.14584813796165,19.14584813796165,19.14584813796165,19.14584813796165
2010-01-08,20.702800205716823,20.702800205716823,20.702800205716823,20.702800205716823
2010-01-11,21.12324814636695,21.12324814636695,21.12324814636695,21.12324814636695
2010-01-12,20.478704316491736,20.478704316491736,20.478704316491736,20.478704316491736
2010-01-13,19.912785271951364,19.912785271951364,19.912785271951364,19.912785271951364
2010-01-14,19.306760520960804,19.306760520960804,19.306760520960804,19.306760520960804
2010-01-15,19.155018318918522,19.155018318918522,19.155018318918522,19.155018318918522
2010-01-18,19.03253276849096,19.03253276849096,19.03253276849096,19.03253276849096
2010-01-19,18.815170567683804,18.815170567683804,18.815170567683804,18.815170567683804
2010-01-20,18.256618217982957,18.256618217982957,18.256618217982957,18.256618217982957
2010-01-21,18.421879595350372,18.421879595350372,18.421879595350372,18.421879595350372
2010-01-22,18.00116827717798,18.00116827717798,18.00116827717798,18.00116827717798
2010-01-25,17.880065841590646,17.880065841590646,17.880065841590646,17.880065841590646
2010-01-26,17.432953528300878,17.432953528300878,17.432953528300878,17.432953528300878
2010-01-27,17.41785606302076,17.41785606302076,17.41785606302076,17.41785606302076
2010-01-28,17.32551049059512,17.32551049059512,17.32551049059512,17.32551049059512
2010-01-29,16.828180960971356,16.828180960971356,16.828180960971356,16.828180960971356
2010-02-01,16.36846963422275,16.36846963422275,16.36846963422275,16.36846963422275
2010-02-02,16.143333600640403,16.143333600640403,16.143333600640403,16.143333600640403
2010-02-03,16.423052150268187,16.423052150268187,16.423052150268187,16.423052150268187
2010-02-04,15.975121804109795,15.975121804109795,15.975121804109795,15.975121804109795
2010-02-05,15.624693982644066,15.624693982644066,15.624693982644066,15.624693982644066
2010-02-08,15.259088900099757,15.259088900099757,15.259088900099757,15.259088900099757
2010-02-09,14.982695374703525,14.982695374703525,14.982695374703525,14.982695374703525
2010-02-10,14.647451601545175,14.647451601545175,14.647451601545175,14.647451601545175
2010-02-11,14.342383348914717,14.342383348914717,14.342383348914717,14.342383348914717
2010-02-12,14.05621162914883,14.05621162914883,14.05621162914883,14.05621162914883
2010-02-15,15.559606627813412,15.559606627813412,15.559606627813412,15.559606627813412
2010-02-16,15.216280169230135,15.216280169230135,15.216280169230135,15.216280169230135
2010-02-17,14.931661218009998,14.931661218009998,14.931661218009998,14.931661218009998
2010-02-18,14.83873539898107,14.83873539898107,14.83873539898107,14.83873539898107
2010-02-19,14.620850507500272,14.620850507500272,14.620850507500272,14.620850507500272
2010-02-22,14.803207854763617,14.803207854763617,14.803207854763617,14.803207854763617
2010-02-23,14.420396339946928,14.420396339946928,14.420396339946928,14.420396339946928
2010-02-24,14.3589707868157,14.3589707868157,14.3589707868157,14.3589707868157
2010-02-25,14.287698575190607,14.287698575190607,14.287698575190607,14.287698575190607
2010-02-26,14.107253356172775,14.107253356172775,14.107253356172775,14.107253356172775
2010-03-01,13.98791030971402,13.98791030971402,13.98791030971402,13.98791030971402
2010-03-02,13.762642396379073,13.762642396379073,13.762642396379073,13.762642396379073
2010-03-03,13.607594532352444,13.607594532352444,13.607594532352444,13.607594532352444
2010-03-04,13.296066386867015,13.296066386867015,13.296066386867015,13.296066386867015
2010-03-05,12.982158016987446,12.982158016987446,12.982158016987446,12.982158016987446
2010-03-08,12.696617233350329,12.696617233350329,12.696617233350329,12.696617233350329
2010-03-09,12.698282997829283,12.698282997829283,12.698282997829283,12.698282997829283
2010-03-10,12.42676282142998,12.42676282142998,12.42676282142998,12.42676282142998
2010-03-11,12.323432802414738,12.323432802414738,12.323432802414738,12.323432802414738
2010-03-12,12.052365754295604,12.052365754295604,12.052365754295604,12.052365754295604
2010-03-15,11.823767956397395,11.823767956397395,11.823767956397395,11.823767956397395
2010-03-16,11.719208433157023,11.719208433157023,11.719208433157023,11.719208433157023
2010-03-17,12.214929562040613,12.214929562040613,12.214929562040613,12.214929562040613
2010-03-18,11.985683902154824,11.985683902154824,11.985683902154824,11.985683902154824
2010-03-19,11.810558862821253,11.810558862821253,11.810558862821253,11.810558862821253
2010-03-22,11.709941410411327,11.709941410411327,11.709941410411327,11.709941410411327
2010-03-23,11.494719445238754,11.494719445238754,11.494719445238754,11.494719445238754
2010-03-24,12.024076840230078,12.024076840230078,12.024076840230078,12.024076840230078
2010-03-25,12.03921278183128,12.03921278183128,12.03921278183128,12.03921278183128
2010-03-26,12.121544071819358,12.121544071819358,12.121544071819358,12.121544071819358
2010-03-29,12.868383965889185,12.868383965889185,12.868383965889185,12.868383965889185
2010-03-30,12.613465235893138,12.613465235893138,12.613465235893138,12.613465235893138
2010-03-31,12.336814779288316,12.336814779288316,12.336814779288316,12.336814779288316
2010-04-01,12.192744537830825,12.192744537830825,12.192744537830825,12.192744537830825
2010-04-02,12.114050482059922,12.114050482059922,12.114050482059922,12.114050482059922
2010-04-05,12.08309470177332,12.08309470177332,12.08309470177332,12.08309470177332
2010-04-06,11.867097375351872,11.867097375351872,11.867097375351872,11.867097375351872
2010-04-07,11.694354247919414,11.694354247919414,11.694354247919414,11.694354247919414
2010-04-08,11.713526483792924,11.713526483792924,11.713526483792924,11.713526483792924
2010-04-09,11.484124588239874,11.484124588239874,11.484124588239874,11.484124588239874
2010-04-12,11.811534897420437,11.811534897420437,11.811534897420437,11.811534897420437
2010-04-13,12.019940470633045,12.019940470633045,12.019940470633045,12.019940470633045
2010-04-14,12.069611731584764,12.069611731584764,12.069611731584764,12.069611731584764
2010-04-15,11.900429706575908,11.900429706575908,11.900429706575908,11.900429706575908
2010-04-16,11.65593316911426,11.65593316911426,11.65593316911426,11.65593316911426
2010-04-19,11.58527446225731,11.58527446225731,11.58527446225731,11.58527446225731
2010-04-20,11.413804708784037,11.413804708784037,11.413804708784037,11.413804708784037
2010-04-21,11.195256076067892,11.195256076067892,11.195256076067892,11.195256076067892
2010-04-22,11.112383084507922,11.112383084507922,11.112383084507922,11.112383084507922
2010-04-23,10.933056297889516,10.933056297889516,10.933056297889516,10.933056297889516
2010-04-26,10.800114417965066,10.800114417965066,10.800114417965066,10.800114417965066
2010-04-27,10.748278189461299,10.748278189461299,10.748278189461299,10.748278189461299
2010-04-28,10.598770296472688,10.598770296472688,10.598770296472688,10.598770296472688
2010-04-29,10.4610869582982,10.4610869582982,10.4610869582982,10.4610869582982
2010-04-30,10.73057389180724,10.73057389180724,10.73057389180724,10.73057389180724
2010-05-03,10.616261031782997,10.616261031782997,10.616261031782997,10.616261031782997
2010-05-04,10.501773365279062,10.501773365279062,10.501773365279062,10.501773365279062
2010-05-05,10.322294789376173,10.322294789376173,10.322294789376173,10.322294789376173
2010-05-06,10.224989773296263,10.224989773296263,10.224989773296263,10.224989773296263
2010-05-07,10.122463424017429,10.122463424017429,10.122463424017429,10.122463424017429
2010-05-10,10.099269903062568,10.099269903062568,10.099269903062568,10.099269903062568
2010-05-11,9.944674072219142,9.944674072219142,9.944674072219142,9.944674072219142
2010-05-12,9.849802538715808,9.849802538715808,9.849802538715808,9.849802538715808
2010-05-13,9.708032782403068,9.708032782403068,9.708032782403068,9.708032782403068
2010-05-14,10.379302649332615,10.379302649332615,10.379302649332615,10.379302649332615
2010-05-17,10.849261996117677,10.849261996117677,10.849261996117677,10.849261996117677
2010-05-18,11.216261572392714,11.216261572392714,11.216261572392714,11.216261572392714
2010-05-19,11.335191760806449,11.335191760806449,11.335191760806449,11.335191760806449
2010-05-20,11.167192631051497,11.167192631051497,11.167192631051497,11.167192631051497
2010-05-21,11.229118254644325,11.229118254644325,11.229118254644325,11.229118254644325
2010-05-24,11.060294349881172,11.060294349881172,11.060294349881172,11.060294349881172
2010-05-25,11.407811104179205,11.407811104179205,11.407811104179205,11.407811104179205
2010-05-26,11.225023066065484,11.225023066065484,11.225023066065484,11.225023066065484
2010-05-27,11.192622793089656,11.192622793089656,11.192622793089656,11.192622793089656
2010-05-28,11.271151464075544,11.271151464075544,11.271151464075544,11.271151464075544
2010-05-31,11.06568718258751,11.06568718258751,11.06568718258751,11.06568718258751
2010-06-01,11.157531859058246,11.157531859058246,11.157531859058246,11.157531859058246
2010-06-02,10.982547199080042,10.982547199080042,10.982547199080042,10.982547199080042
2010-06-03,11.012037029061364,11.012037029061364,11.012037029061364,11.012037029061364
2010-06-04,11.767184929178947,11.767184929178947,11.767184929178947,11.767184929178947
2010-06-07,11.589801299678584,11.589801299678584,11.589801299678584,11.589801299678584
2010-06-08,11.373563778992281,11.373563778992281,11.373563778992281,11.373563778992281
2010-06-09,11.270510536202359,11.270510536202359,11.270510536202359,11.270510536202359
2010-06-10,11.749528348290063,11.749528348290063,11.749528348290063,11.749528348290063
2010-06-11,11.507063542990354,11.507063542990354,11.507063542990354,11.507063542990354
2010-06-14,11.373330469963927,11.373330469963927,11.373330469963927,11.373330469963927
2010-06-15,11.166903602862245,11.166903602862245,11.166903602862245,11.166903602862245
2010-06-16,10.952439331922816,10.952439331922816,10.952439331922816,10.952439331922816
2010-06-17,11.57613217884952,11.57613217884952,11.57613217884952,11.57613217884952
2010-06-18,11.360836314365677,11.360836314365677,11.360836314365677,11.360836314365677
2010-06-21,11.494682515922495,11.494682515922495,11.494682515922495,11.494682515922495
2010-06-22,11.27453672942594,11.27453672942594,11.27453672942594,11.27453672942594
2010-06-23,11.071036415847917,11.071036415847917,11.071036415847917,11.071036415847917
2010-06-24,11.46976640107719,11.46976640107719,11.46976640107719,11.46976640107719
2010-06-25,11.481861724812969,11.481861724812969,11.481861724812969,11.481861724812969
2010-06-28,11.295743461454322,11.295743461454322,11.295743461454322,11.295743461454322
2010-06-29,11.79137438810705,11.79137438810705,11.79137438810705,11.79137438810705
2010-06-30,12.044682822777594,12.044682822777594,12.044682822777594,12.044682822777594
2010-07-01,11.93580150871604,11.93580150871604,11.93580150871604,11.93580150871604
2010-07-02,11.992129815667582,11.992129815667582,11.992129815667582,11.992129815667582
2010-07-05,11.791400939415226,11.791400939415226,11.791400939415226,11.791400939415226
2010-07-06,12.210522820818731,12.210522820818731,12.210522820818731,12.210522820818731
2010-07-07,12.093410479757468,12.093410479757468,12.093410479757468,12.093410479757468
2010-07-08,11.850230948583219,11.850230948583219,11.850230948583219,11.850230948583219
2010-07-09,12.361498390789453,12.361498390789453,12.361498390789453,12.361498390789453
2010-07-12,12.471891265299567,12.471891265299567,12.471891265299567,12.471891265299567
2010-07-13,12.22941718209297,12.22941718209297,12.22941718209297,12.22941718209297
2010-07-14,12.221891949155978,12.221891949155978,12.221891949155978,12.221891949155978
2010-07-15,13.365359352659645,13.365359352659645,13.365359352659645,13.365359352659645
2010-07-16,16.158962464305755,16.158962464305755,16.158962464305755,16.158962464305755
2010-07-19,15.795770029412456,15.795770029412456,15.795770029412456,15.795770029412456
2010-07-20,15.832917898378637,15.832917898378637,15.832917898378637,15.832917898378637
2010-07-21,17.478138689216934,17.478138689216934,17.478138689216934,17.478138689216934
2010-07-22,17.011660598550492,17.011660598550492,17.011660598550492,17.011660598550492
2010-07-23,16.86996450153527,16.86996450153527,16.86996450153527,16.86996450153527
2010-07-26,16.480337933212777,16.480337933212777,16.480337933212777,16.480337933212777
2010-07-27,16.207299751909467,16.207299751909467,16.207299751909467,16.207299751909467
2010-07-28,15.766521916230333,15.766521916230333,15.766521916230333,15.766521916230333
2010-07-29,15.87803833378576,15.87803833378576,15.87803833378576,15.87803833378576
2010-07-30,15.453767942744957,15.453767942744957,15.453767942744957,15.453767942744957
2010-08-02,15.048050055150853,15.048050055150853,15.048050055150853,15.048050055150853
2010-08-03,15.137604570837393,15.137604570837393,15.137604570837393,15.137604570837393
2010-08-04,15.98899060670051,15.98899060670051,15.98899060670051,15.98899060670051
2010-08-05,15.664023905878915,15.664023905878915,15.664023905878915,15.664023905878915
2010-08-06,15.238455079727235,15.238455079727235,15.238455079727235,15.238455079727235
2010-08-09,16.232217230364117,16.232217230364117,16.232217230364117,16.232217230364117
2010-08-10,15.788946707043289,15.788946707043289,15.788946707043289,15.788946707043289
2010-08-11,15.819849560462423,15.819849560462423,15.819849560462423,15.819849560462423
2010-08-12,15.507222511672191,15.507222511672191,15.507222511672191,15.507222511672191
2010-08-13,15.74424410980789,15.74424410980789,15.74424410980789,15.74424410980789
2010-08-16,15.759583760987434,15.759583760987434,15.759583760987434,15.759583760987434
2010-08-17,15.581984693668884,15.581984693668884,15.581984693668884,15.581984693668884
2010-08-18,17.198317318723706,17.198317318723706,17.198317318723706,17.198317318723706
2010-08-19,17.05967166904603,17.05967166904603,17.05967166904603,17.05967166904603
2010-08-20,16.938671620024515,16.938671620024515,16.938671620024515,16.938671620024515
2010-08-23,16.877529169702317,16.877529169702317,16.877529169702317,16.877529169702317
2010-08-24,16.844142192826872,16.844142192826872,16.844142192826872,16.844142192826872
2010-08-25,16.442890077081582,16.442890077081582,16.442890077081582,16.442890077081582
2010-08-26,15.994450486296527,15.994450486296527,15.994450486296527,15.994450486296527
2010-08-27,15.55384130481615,15.55384130481615,15.55384130481615,15.55384130481615
2010-08-30,15.33598510306672,15.33598510306672,15.33598510306672,15.33598510306672
2010-08-31,15.017273041674134,15.017273041674134,15.017273041674134,15.017273041674134
2010-09-01,14.714444258832973,14.714444258832973,14.714444258832973,14.714444258832973
2010-09-02,14.995138258007037,14.995138258007037,14.995138258007037,14.995138258007037
2010-09-03,15.333912416441567,15.333912416441567,15.333912416441567,15.333912416441567
2010-09-06,14.935584030129078,14.935584030129078,14.935584030129078,14.935584030129078
2010-09-07,15.646481929312312,15.646481929312312,15.646481929312312,15.646481929312312
2010-09-08,15.232633436596451,15.232633436596451,15.232633436596451,15.232633436596451
2010-09-09,14.831330203849236,14.831330203849236,14.831330203849236,14.831330203849236
2010-09-10,14.478619080965291,14.478619080965291,14.478619080965291,14.478619080965291
2010-09-13,14.845576090804116,14.845576090804116,14.845576090804116,14.845576090804116
2010-09-14,14.476939541180348,14.476939541180348,14.476939541180348,14.476939541180348
2010-09-15,14.178013530970235,14.178013530970235,14.178013530970235,14.178013530970235
2010-09-16,14.341814802844658,14.341814802844658,14.341814802844658,14.341814802844658
2010-09-17,14.054886537638817,14.054886537638817,14.054886537638817,14.054886537638817
2010-09-20,14.684960332703909,14.684960332703909,14.684960332703909,14.684960332703909
2010-09-21,14.316728570703493,14.316728570703493,14.316728570703493,14.316728570703493
2010-09-22,14.595937202290777,14.595937202290777,14.595937202290777,14.595937202290777
2010-09-23,15.034530235518165,15.034530235518165,15.034530235518165,15.034530235518165
2010-09-24,15.84805364193338,15.84805364193338,15.84805364193338,15.84805364193338
2010-09-27,16.80278034425641,16.80278034425641,16.80278034425641,16.80278034425641
2010-09-28,16.34312134979946,16.34312134979946,16.34312134979946,16.34312134979946
2010-09-29,15.960435438283325,15.960435438283325,15.960435438283325,15.960435438283325
2010-09-30,16.53873501828535,16.53873501828535,16.53873501828535,16.53873501828535
2010-10-01,16.687652290410707,16.687652290410707,16.687652290410707,16.687652290410707
2010-10-04,16.623531269811398,16.623531269811398,16.623531269811398,16.623531269811398
2010-10-05,16.365867852291597,16.365867852291597,16.365867852291597,16.365867852291597
2010-10-06,15.986766562091853,15.986766562091853,15.986766562091853,15.986766562091853
2010-10-07,15.545685511859464,15.545685511859464,15.545685511859464,15.545685511859464
2010-10-08,15.136726990198602,15.136726990198602,15.136726990198602,15.136726990198602
2010-10-11,14.78615081706274,14.78615081706274,14.78615081706274,14.78615081706274
2010-10-12,15.27397127052602,15.27397127052602,15.27397127052602,15.27397127052602
2010-10-13,14.868088780141267,14.868088780141267,14.868088780141267,14.868088780141267
2010-10-14,14.665173300060856,14.665173300060856,14.665173300060856,14.665173300060856
2010-10-15,16.069614921146457,16.069614921146457,16.069614921146457,16.069614921146457
2010-10-18,15.626087855871255,15.626087855871255,15.626087855871255,15.626087855871255
2010-10-19,15.539660029115968,15.539660029115968,15.539660029115968,15.539660029115968
2010-10-20,15.813988821435357,15.813988821435357,15.813988821435357,15.813988821435357
2010-10-21,15.752116189578,15.752116189578,15.752116189578,15.752116189578
2010-10-22,15.37542742850882,15.37542742850882,15.37542742850882,15.37542742850882
2010-10-25,15.353694424601501,15.353694424601501,15.353694424601501,15.353694424601501
2010-10-26,15.751192980148343,15.751192980148343,15.751192980148343,15.751192980148343
2010-10-27,15.320856439564714,15.320856439564714,15.320856439564714,15.320856439564714
2010-10-28,15.019345623584332,15.019345623584332,15.019345623584332,15.019345623584332
2010-10-29,14.670546089704828,14.670546089704828,14.670546089704828,14.670546089704828
2010-11-01,14.735182316071125,14.735182316071125,14.735182316071125,14.735182316071125
2010-11-02,14.480357953298572,14.480357953298572,14.480357953298572,14.480357953298572
2010-11-03,14.882447308270258,14.882447308270258,14.882447308270258,14.882447308270258
2010-11-04,14.501102437316767,14.501102437316767,14.501102437316767,14.501102437316767
2010-11-05,14.340664667696009,14.340664667696009,14.340664667696009,14.340664667696009
2010-11-08,13.994955954990889,13.994955954990889,13.994955954990889,13.994955954990889
2010-11-09,13.66825964441896,13.66825964441896,13.66825964441896,13.66825964441896
2010-11-10,13.344471281751513,13.344471281751513,13.344471281751513,13.344471281751513
2010-11-11,13.496486227403452,13.496486227403452,13.496486227403452,13.496486227403452
2010-11-12,13.171005056862855,13.171005056862855,13.171005056862855,13.171005056862855
2010-11-15,12.878503752663336,12.878503752663336,12.878503752663336,12.878503752663336
2010-11-16,14.876020499135448,14.876020499135448,14.876020499135448,14.876020499135448
2010-11-17,16.017439877277074,16.017439877277074,16.017439877277074,16.017439877277074
2010-11-18,15.93071675765433,15.93071675765433,15.93071675765433,15.93071675765433
2010-11-19,15.53260449433921,15.53260449433921,15.53260449433921,15.53260449433921
2010-11-22,16.104569457024308,16.104569457024308,16.104569457024308,16.104569457024308
2010-11-23,15.830782680618524,15.830782680618524,15.830782680618524,15.830782680618524
2010-11-24,15.445066786163153,15.445066786163153,15.445066786163153,15.445066786163153
2010-11-25,15.704950776177128,15.704950776177128,15.704950776177128,15.704950776177128
2010-11-26,15.531527793167754,15.531527793167754,15.531527793167754,15.531527793167754
2010-11-29,15.313960199582136,15.313960199582136,15.313960199582136,15.313960199582136
2010-11-30,16.93995956198088,16.93995956198088,16.93995956198088,16.93995956198088
2010-12-01,16.471553010370904,16.471553010370904,16.471553010370904,16.471553010370904
2010-12-02,16.573352304842928,16.573352304842928,16.573352304842928,16.573352304842928
2010-12-03,16.24961193035858,16.24961193035858,16.24961193035858,16.24961193035858
2010-12-06,16.17805404967613,16.17805404967613,16.17805404967613,16.17805404967613
2010-12-07,15.733070496108272,15.733070496108272,15.733070496108272,15.733070496108272
2010-12-08,16.73529822801119,16.73529822801119,16.73529822801119,16.73529822801119
2010-12-09,17.338203014541453,17.338203014541453,17.338203014541453,17.338203014541453
2010-12-10,19.1134836985184,19.1134836985184,19.1134836985184,19.1134836985184
2010-12-13,19.49524924958704,19.49524924958704,19.49524924958704,19.49524924958704
2010-12-14,19.61819268948722,19.61819268948722,19.61819268948722,19.61819268948722
2010-12-15,20.972208563753806,20.972208563753806,20.972208563753806,20.972208563753806
2010-12-16,25.213945626792878,25.213945626792878,25.213945626792878,25.213945626792878
2010-12-17,25.447567439201755,25.447567439201755,25.447567439201755,25.447567439201755
2010-12-20,24.72850104628289,24.72850104628289,24.72850104628289,24.72850104628289
2010-12-21,24.01990225618089,24.01990225618089,24.01990225618089,24.01990225618089
2010-12-22,25.377169198244946,25.377169198244946,25.377169198244946,25.377169198244946
2010-12-23,25.30875930944671,25.30875930944671,25.30875930944671,25.30875930944671
2010-12-24,24.535478044723227,24.535478044723227,24.535478044723227,24.535478044723227
2010-12-27,24.200356917501058,24.200356917501058,24.200356917501058,24.200356917501058
2010-12-28,23.564485482881423,23.564485482881423,23.564485482881423,23.564485482881423
2010-12-29,22.915295698858117,22.915295698858117,22.915295698858117,22.915295698858117
2010-12-30,22.201325682573778,22.201325682573778,22.201325682573778,22.201325682573778
2010-12-31,22.765813909812998,22.765813909812998,22.765813909812998,22.765813909812998
2011-01-03,22.08502095964186,22.08502095964186,22.08502095964186,22.08502095964186
2011-01-04,21.439778075285858,21.439778075285858,21.439778075285858,21.439778075285858
2011-01-05,20.807590694364166,20.807590694364166,20.807590694364166,20.807590694364166
2011-01-06,20.362751131418715,20.362751131418715,20.362751131418715,20.362751131418715
2011-01-07,19.877877601709084,19.877877601709084,19.877877601709084,19.877877601709084
2011-01-10,19.893895528281053,19.893895528281053,19.893895528281053,19.893895528281053
2011-01-11,19.303332529836776,19.303332529836776,19.303332529836776,19.303332529836776
2011-01-12,18.795830528897298,18.795830528897298,18.795830528897298,18.795830528897298
2011-01-13,18.23718481617565,18.23718481617565,18.23718481617565,18.23718481617565
2011-01-14,17.70013747009106,17.70013747009106,17.70013747009106,17.70013747009106
2011-01-17,17.468049944712856,17.468049944712856,17.468049944712856,17.468049944712856
2011-01-18,17.01731349860696,17.01731349860696,17.01731349860696,17.01731349860696
2011-01-19,16.536740417884204,16.536740417884204,16.536740417884204,16.536740417884204
2011-01-20,18.17116975514547,18.17116975514547,18.17116975514547,18.17116975514547
2011-01-21,18.97635014821532,18.97635014821532,18.97635014821532,18.97635014821532
2011-01-24,18.495756261029864,18.495756261029864,18.495756261029864,18.495756261029864
2011-01-25,18.27783461062477,18.27783461062477,18.27783461062477,18.27783461062477
2011-01-26,18.424979203592756,18.424979203592756,18.424979203592756,18.424979203592756
2011-01-27,18.67076722018147,18.67076722018147,18.67076722018147,18.67076722018147
2011-01-28,18.155475514983475,18.155475514983475,18.155475514983475,18.155475514983475
2011-01-31,17.75074107220142,17.75074107220142,17.75074107220142,17.75074107220142
2011-02-01,18.82960639005142,18.82960639005142,18.82960639005142,18.82960639005142
2011-02-02,18.762060268206955,18.762060268206955,18.762060268206955,18.762060268206955
2011-02-03,18.322578455563765,18.322578455563765,18.322578455563765,18.322578455563765
2011-02-04,18.467153776308187,18.467153776308187,18.467153776308187,18.467153776308187
2011-02-07,18.04700333105454,18.04700333105454,18.04700333105454,18.04700333105454
2011-02-08,17.556662136679563,17.556662136679563,17.556662136679563,17.556662136679563
2011-02-09,17.04970230072997,17.04970230072997,17.04970230072997,17.04970230072997
2011-02-10,16.607659795274323,16.607659795274323,16.607659795274323,16.607659795274323
2011-02-11,16.14516007237594,16.14516007237594,16.14516007237594,16.14516007237594
2011-02-14,15.72876926679469,15.72876926679469,15.72876926679469,15.72876926679469
2011-02-15,15.310247567894084,15.310247567894084,15.310247567894084,15.310247567894084
2011-02-16,15.888049608607297,15.888049608607297,15.888049608607297,15.888049608607297
2011-02-17,18.398863678112484,18.398863678112484,18.398863678112484,18.398863678112484
2011-02-18,17.88694843394855,17.88694843394855,17.88694843394855,17.88694843394855
2011-02-21,17.381789904150686,17.381789904150686,17.381789904150686,17.381789904150686
2011-02-22,16.927715732237882,16.927715732237882,16.927715732237882,16.927715732237882
2011-02-23,16.518140151462617,16.518140151462617,16.518140151462617,16.518140151462617
2011-02-24,17.55713555346018,17.55713555346018,17.55713555346018,17.55713555346018
2011-02-25,17.10691757537882,17.10691757537882,17.10691757537882,17.10691757537882
2011-02-28,18.125502209063537,18.125502209063537,18.125502209063537,18.125502209063537
2011-03-01,18.8651838602855,18.8651838602855,18.8651838602855,18.8651838602855
2011-03-02,18.732277333638088,18.732277333638088,18.732277333638088,18.732277333638088
2011-03-03,18.237029938431267,18.237029938431267,18.237029938431267,18.237029938431267
2011-03-04,17.702108866514234,17.702108866514234,17.702108866514234,17.702108866514234
2011-03-07,17.78354315066844,17.78354315066844,17.78354315066844,17.78354315066844
2011-03-08,17.326880540088894,17.326880540088894,17.326880540088894,17.326880540088894
2011-03-09,17.709641742189252,17.709641742189252,17.709641742189252,17.709641742189252
2011-03-10,17.379506366975214,17.379506366975214,17.379506366975214,17.379506366975214
2011-03-11,18.419294559790682,18.419294559790682,18.419294559790682,18.419294559790682
2011-03-14,18.647329359825633,18.647329359825633,18.647329359825633,18.647329359825633
2011-03-15,18.204018456158295,18.204018456158295,18.204018456158295,18.204018456158295
2011-03-16,19.303929822398754,19.303929822398754,19.303929822398754,19.303929822398754
2011-03-17,18.837388507139092,18.837388507139092,18.837388507139092,18.837388507139092
2011-03-18,18.670450945632354,18.670450945632354,18.670450945632354,18.670450945632354
2011-03-21,18.166064910488856,18.166064910488856,18.166064910488856,18.166064910488856
2011-03-22,17.634477115677,17.634477115677,17.634477115677,17.634477115677
2011-03-23,17.385730821424737,17.385730821424737,17.385730821424737,17.385730821424737
2011-03-24,17.402492917155005,17.402492917155005,17.402492917155005,17.402492917155005
2011-03-25,17.6311492147807,17.6311492147807,17.6311492147807,17.6311492147807
2011-03-28,17.449786004409866,17.449786004409866,17.449786004409866,17.449786004409866
2011-03-29,16.965436726719833,16.965436726719833,16.965436726719833,16.965436726719833
2011-03-30,17.185765837221016,17.185765837221016,17.185765837221016,17.185765837221016
2011-03-31,16.98966752225522,16.98966752225522,16.98966752225522,16.98966752225522
2011-04-01,18.161303519780585,18.161303519780585,18.161303519780585,18.161303519780585
2011-04-04,17.924695625368173,17.924695625368173,17.924695625368173,17.924695625368173
2011-04-05,18.719690822851298,18.719690822851298,18.719690822851298,18.719690822851298
2011-04-06,18.165153422494942,18.165153422494942,18.165153422494942,18.165153422494942
2011-04-07,18.386173015340578,18.386173015340578,18.386173015340578,18.386173015340578
2011-04-08,17.994934915949877,17.994934915949877,17.994934915949877,17.994934915949877
2011-04-11,18.69503557941367,18.69503557941367,18.69503557941367,18.69503557941367
2011-04-12,18.3723705529896,18.3723705529896,18.3723705529896,18.3723705529896
2011-04-13,18.10499959162758,18.10499959162758,18.10499959162758,18.10499959162758
2011-04-14,18.139403859808873,18.139403859808873,18.139403859808873,18.139403859808873
2011-04-15,17.607047755647915,17.607047755647915,17.607047755647915,17.607047755647915
2011-04-18,17.88346245671363,17.88346245671363,17.88346245671363,17.88346245671363
2011-04-19,17.6084037582718,17.6084037582718,17.6084037582718,17.6084037582718
2011-04-20,17.15064447344183,17.15064447344183,17.15064447344183,17.15064447344183
2011-04-21,17.352019532564842,17.352019532564842,17.352019532564842,17.352019532564842
2011-04-22,17.049710399270385,17.049710399270385,17.049710399270385,17.049710399270385
2011-04-25,19.1283572352429,19.1283572352429,19.1283572352429,19.1283572352429
2011-04-26,18.609052443391295,18.609052443391295,18.609052443391295,18.609052443391295
2011-04-27,18.059497977064584,18.059497977064584,18.059497977064584,18.059497977064584
2011-04-28,17.625240671548987,17.625240671548987,17.625240671548987,17.625240671548987
2011-04-29,18.481685316003563,18.481685316003563,18.481685316003563,18.481685316003563
2011-05-02,20.220972300883677,20.220972300883677,20.220972300883677,20.220972300883677
2011-05-03,19.819666558166116,19.819666558166116,19.819666558166116,19.819666558166116
2011-05-04,19.43021067292399,19.43021067292399,19.43021067292399,19.43021067292399
2011-05-05,20.291623190948048,20.291623190948048,20.291623190948048,20.291623190948048
2011-05-06,20.9935007625778,20.9935007625778,20.9935007625778,20.9935007625778
2011-05-09,20.431490998167863,20.431490998167863,20.431490998167863,20.431490998167863
2011-05-10,20.252341429469574,20.252341429469574,20.252341429469574,20.252341429469574
2011-05-11,19.835574688170567,19.835574688170567,19.835574688170567,19.835574688170567
2011-05-12,19.634738238240548,19.634738238240548,19.634738238240548,19.634738238240548
2011-05-13,19.721192839806548,19.721192839806548,19.721192839806548,19.721192839806548
2011-05-16,19.155881656648685,19.155881656648685,19.155881656648685,19.155881656648685
2011-05-17,18.61324114241874,18.61324114241874,18.61324114241874,18.61324114241874
2011-05-18,18.102538309913204,18.102538309913204,18.102538309913204,18.102538309913204
2011-05-19,17.983320409234153,17.983320409234153,17.983320409234153,17.983320409234153
2011-05-20,17.46899391072186,17.46899391072186,17.46899391072186,17.46899391072186
2011-05-23,16.976798649145586,16.976798649145586,16.976798649145586,16.976798649145586
2011-05-24,16.569862488757384,16.569862488757384,16.569862488757384,16.569862488757384
2011-05-25,16.60694280705491,16.60694280705491,16.60694280705491,16.60694280705491
2011-05-26,16.70353815867566,16.70353815867566,16.70353815867566,16.70353815867566
2011-05-27,16.239483424565623,16.239483424565623,16.239483424565623,16.239483424565623
2011-05-30,16.851392120685816,16.851392120685816,16.851392120685816,16.851392120685816
2011-05-31,16.658149905982544,16.658149905982544,16.658149905982544,16.658149905982544
2011-06-01,16.53202103155275,16.53202103155275,16.53202103155275,16.53202103155275
2011-06-02,16.08816123655457,16.08816123655457,16.08816123655457,16.08816123655457
2011-06-03,15.992654453303967,15.992654453303967,15.992654453303967,15.992654453303967
2011-06-06,15.551368113141443,15.551368113141443,15.551368113141443,15.551368113141443
2011-06-07,15.953851425036145,15.953851425036145,15.953851425036145,15.953851425036145
2011-06-08,15.871388141077706,15.871388141077706,15.871388141077706,15.871388141077706
2011-06-09,15.77847387531033,15.77847387531033,15.77847387531033,15.77847387531033
2011-06-10,15.495197398179982,15.495197398179982,15.495197398179982,15.495197398179982
2011-06-13,17.473617100808756,17.473617100808756,17.473617100808756,17.473617100808756
2011-06-14,16.991382570888796,16.991382570888796,16.991382570888796,16.991382570888796
2011-06-15,18.49359778476952,18.49359778476952,18.49359778476952,18.49359778476952
2011-06-16,19.36147720812309,19.36147720812309,19.36147720812309,19.36147720812309
2011-06-17,18.902897840529004,18.902897840529004,18.902897840529004,18.902897840529004
2011-06-20,18.344980012744568,18.344980012744568,18.344980012744568,18.344980012744568
2011-06-21,18.750745227339998,18.750745227339998,18.750745227339998,18.750745227339998
2011-06-22,19.62441455849305,19.62441455849305,19.62441455849305,19.62441455849305
2011-06-23,19.958482138028018,19.958482138028018,19.958482138028018,19.958482138028018
2011-06-24,20.873947762085134,20.873947762085134,20.873947762085134,20.873947762085134
2011-06-27,20.63225905498371,20.63225905498371,20.63225905498371,20.63225905498371
2011-06-28,20.1198920892619,20.1198920892619,20.1198920892619,20.1198920892619
2011-06-29,19.675589026083077,19.675589026083077,19.675589026083077,19.675589026083077
2011-06-30,19.12548822628543,19.12548822628543,19.12548822628543,19.12548822628543
2011-07-01,19.696834651685812,19.696834651685812,19.696834651685812,19.696834651685812
2011-07-04,22.11365518395871,22.11365518395871,22.11365518395871,22.11365518395871
2011-07-05,21.420809166816298,21.420809166816298,21.420809166816298,21.420809166816298
2011-07-06,20.900735680285848,20.900735680285848,20.900735680285848,20.900735680285848
2011-07-07,20.390557328172296,20.390557328172296,20.390557328172296,20.390557328172296
2011-07-08,20.073472442642903,20.073472442642903,20.073472442642903,20.073472442642903
2011-07-11,19.472591709612345,19.472591709612345,19.472591709612345,19.472591709612345
2011-07-12,19.229306488888714,19.229306488888714,19.229306488888714,19.229306488888714
2011-07-13,18.68233913425393,18.68233913425393,18.68233913425393,18.68233913425393
2011-07-14,18.288337662452864,18.288337662452864,18.288337662452864,18.288337662452864
2011-07-15,18.027684762624567,18.027684762624567,18.027684762624567,18.027684762624567
2011-07-18,17.517370485297036,17.517370485297036,17.517370485297036,17.517370485297036
2011-07-19,17.031520729548394,17.031520729548394,17.031520729548394,17.031520729548394
2011-07-20,16.895768453497794,16.895768453497794,16.895768453497794,16.895768453497794
2011-07-21,16.496099394547553,16.496099394547553,16.496099394547553,16.496099394547553
2011-07-22,16.170625935342578,16.170625935342578,16.170625935342578,16.170625935342578
2011-07-25,15.756753266979443,15.756753266979443,15.756753266979443,15.756753266979443
2011-07-26,15.332430239230849,15.332430239230849,15.332430239230849,15.332430239230849
2011-07-27,15.24187842007733,15.24187842007733,15.24187842007733,15.24187842007733
2011-07-28,16.595292462935543,16.595292462935543,16.595292462935543,16.595292462935543
2011-07-29,16.967075630234856,16.967075630234856,16.967075630234856,16.967075630234856
2011-08-01,17.59709962649386,17.59709962649386,17.59709962649386,17.59709962649386
2011-08-02,19.82783146114632,19.82783146114632,19.82783146114632,19.82783146114632
2011-08-03,19.5052876816399,19.5052876816399,19.5052876816399,19.5052876816399
2011-08-04,19.251673485982444,19.251673485982444,19.251673485982444,19.251673485982444
2011-08-05,18.72082871863379,18.72082871863379,18.72082871863379,18.72082871863379
2011-08-08,18.18628079273962,18.18628079273962,18.18628079273962,18.18628079273962
2011-08-09,18.306116521779703,18.306116521779703,18.306116521779703,18.306116521779703
2011-08-10,18.73715186958752,18.73715186958752,18.73715186958752,18.73715186958752
2011-08-11,18.18206509447412,18.18206509447412,18.18206509447412,18.18206509447412
2011-08-12,18.648592624279583,18.648592624279583,18.648592624279583,18.648592624279583
2011-08-15,18.09930397917807,18.09930397917807,18.09930397917807,18.09930397917807
2011-08-16,17.956010678109617,17.956010678109617,17.956010678109617,17.956010678109617
2011-08-17,17.62570533356037,17.62570533356037,17.62570533356037,17.62570533356037
2011-08-18,18.26907256768911,18.26907256768911,18.26907256768911,18.26907256768911
2011-08-19,18.170670392946477,18.170670392946477,18.170670392946477,18.170670392946477
2011-08-22,17.708245266722994,17.708245266722994,17.708245266722994,17.708245266722994
2011-08-23,17.54316178904286,17.54316178904286,17.54316178904286,17.54316178904286
2011-08-24,18.570911135576047,18.570911135576047,18.570911135576047,18.570911135576047
2011-08-25,19.08535412241665,19.08535412241665,19.08535412241665,19.08535412241665
2011-08-26,18.603959704846933,18.603959704846933,18.603959704846933,18.603959704846933
2011-08-29,18.664026524635954,18.664026524635954,18.664026524635954,18.664026524635954
2011-08-30,18.238777204356545,18.238777204356545,18.238777204356545,18.238777204356545
2011-08-31,17.71134825728677,17.71134825728677,17.71134825728677,17.71134825728677
2011-09-01,18.942249114952048,18.942249114952048,18.942249114952048,18.942249114952048
2011-09-02,18.87394177530382,18.87394177530382,18.87394177530382,18.87394177530382
2011-09-05,18.52281699237475,18.52281699237475,18.52281699237475,18.52281699237475
2011-09-06,18.136362792870894,18.136362792870894,18.136362792870894,18.136362792870894
2011-09-07,18.233738517044703,18.233738517044703,18.233738517044703,18.233738517044703
2011-09-08,17.93648550013967,17.93648550013967,17.93648550013967,17.93648550013967
2011-09-09,17.513226037264868,17.513226037264868,17.513226037264868,17.513226037264868
2011-09-12,17.025975357708038,17.025975357708038,17.025975357708038,17.025975357708038
2011-09-13,16.596756942743866,16.596756942743866,16.596756942743866,16.596756942743866
2011-09-14,16.196207110689414,16.196207110689414,16.196207110689414,16.196207110689414
2011-09-15,16.59480963708946,16.59480963708946,16.59480963708946,16.59480963708946
2011-09-16,16.18745469470702,16.18745469470702,16.18745469470702,16.18745469470702
2011-09-19,16.791794832948128,16.791794832948128,16.791794832948128,16.791794832948128
2011-09-20,16.896073464078682,16.896073464078682,16.896073464078682,16.896073464078682
2011-09-21,16.472937134859198,16.472937134859198,16.472937134859198,16.472937134859198
2011-09-22,16.630422260820772,16.630422260820772,16.630422260820772,16.630422260820772
2011-09-23,16.236735179574936,16.236735179574936,16.236735179574936,16.236735179574936
2011-09-26,15.793384076469005,15.793384076469005,15.793384076469005,15.793384076469005
2011-09-27,15.419887425679812,15.419887425679812,15.419887425679812,15.419887425679812
2011-09-28,16.71570127580986,16.71570127580986,16.71570127580986,16.71570127580986
2011-09-29,18.33462268443308,18.33462268443308,18.33462268443308,18.33462268443308
2011-09-30,17.796235347271168,17.796235347271168,17.796235347271168,17.796235347271168
2011-10-03,17.291783976908466,17.291783976908466,17.291783976908466,17.291783976908466
2011-10-04,17.402217226509975,17.402217226509975,17.402217226509975,17.402217226509975
2011-10-05,17.280464924224415,17.280464924224415,17.280464924224415,17.280464924224415
2011-10-06,16.84282276346451,16.84282276346451,16.84282276346451,16.84282276346451
2011-10-07,16.365085277933368,16.365085277933368,16.365085277933368,16.365085277933368
2011-10-10,15.957252400333525,15.957252400333525,15.957252400333525,15.957252400333525
2011-10-11,15.855654516780064,15.855654516780064,15.855654516780064,15.855654516780064
2011-10-12,16.610196944758997,16.610196944758997,16.610196944758997,16.610196944758997
2011-10-13,18.21273826199361,18.21273826199361,18.21273826199361,18.21273826199361
2011-10-14,18.366138443580247,18.366138443580247,18.366138443580247,18.366138443580247
2011-10-17,17.94275647163734,17.94275647163734,17.94275647163734,17.94275647163734
2011-10-18,17.465640842514627,17.465640842514627,17.465640842514627,17.465640842514627
2011-10-19,18.877636894063112,18.877636894063112,18.877636894063112,18.877636894063112
2011-10-20,19.014626516035776,19.014626516035776,19.014626516035776,19.014626516035776
2011-10-21,18.981793758251428,18.981793758251428,18.981793758251428,18.981793758251428
2011-10-24,18.48464775826237,18.48464775826237,18.48464775826237,18.48464775826237
2011-10-25,18.03173073173341,18.03173073173341,18.03173073173341,18.03173073173341
2011-10-26,17.548287695178878,17.548287695178878,17.548287695178878,17.548287695178878
2011-10-27,17.058798928541876,17.058798928541876,17.058798928541876,17.058798928541876
2011-10-28,16.772232649706392,16.772232649706392,16.772232649706392,16.772232649706392
2011-10-31,16.356665074052806,16.356665074052806,16.356665074052806,16.356665074052806
2011-11-01,16.460925792001227,16.460925792001227,16.460925792001227,16.460925792001227
2011-11-02,16.648626908973256,16.648626908973256,16.648626908973256,16.648626908973256
2011-11-03,16.178895876322898,16.178895876322898,16.178895876322898,16.178895876322898
2011-11-04,18.79877425604046,18.79877425604046,18.79877425604046,18.79877425604046
2011-11-07,18.267269346692988,18.267269346692988,18.267269346692988,18.267269346692988
2011-11-08,18.853186210115204,18.853186210115204,18.853186210115204,18.853186210115204
2011-11-09,18.29540587653302,18.29540587653302,18.29540587653302,18.29540587653302
2011-11-10,17.945670426120838,17.945670426120838,17.945670426120838,17.945670426120838
2011-11-11,17.422620185767443,17.422620185767443,17.422620185767443,17.422620185767443
2011-11-14,16.9354608490488,16.9354608490488,16.9354608490488,16.9354608490488
2011-11-15,16.768141259767884,16.768141259767884,16.768141259767884,16.768141259767884
2011-11-16,16.388834674614504,16.388834674614504,16.388834674614504,16.388834674614504
2011-11-17,16.29293178981747,16.29293178981747,16.29293178981747,16.29293178981747
2011-11-18,16.059733135195174,16.059733135195174,16.059733135195174,16.059733135195174
2011-11-21,16.18856561225174,16.18856561225174,16.18856561225174,16.18856561225174
2011-11-22,15.805658790032801,15.805658790032801,15.805658790032801,15.805658790032801
2011-11-23,15.412375377434573,15.412375377434573,15.412375377434573,15.412375377434573
2011-11-24,15.094112800988352,15.094112800988352,15.094112800988352,15.094112800988352
2011-11-25,14.736622503247798,14.736622503247798,14.736622503247798,14.736622503247798
2011-11-28,14.742877569828869,14.742877569828869,14.742877569828869,14.742877569828869
2011-11-29,15.806960565284415,15.806960565284415,15.806960565284415,15.806960565284415
2011-11-30,15.428543049746418,15.428543049746418,15.428543049746418,15.428543049746418
2011-12-01,16.791802444814323,16.791802444814323,16.791802444814323,16.791802444814323
2011-12-02,17.43627431993819,17.43627431993819,17.43627431993819,17.43627431993819
2011-12-05,17.90683776647111,17.90683776647111,17.90683776647111,17.90683776647111
2011-12-06,17.821563448313995,17.821563448313995,17.821563448313995,17.821563448313995
2011-12-07,17.584703017489883,17.584703017489883,17.584703017489883,17.584703017489883
2011-12-08,18.26040126531273,18.26040126531273,18.26040126531273,18.26040126531273
2011-12-09,22.133887048477384,22.133887048477384,22.133887048477384,22.133887048477384
2011-12-12,21.63977134723142,21.63977134723142,21.63977134723142,21.63977134723142
2011-12-13,24.578123644436914,24.578123644436914,24.578123644436914,24.578123644436914
2011-12-14,23.929786695175398,23.929786695175398,23.929786695175398,23.929786695175398
2011-12-15,23.394232294334465,23.394232294334465,23.394232294334465,23.394232294334465
2011-12-16,22.80491427743436,22.80491427743436,22.80491427743436,22.80491427743436
2011-12-19,23.741782558551254,23.741782558551254,23.741782558551254,23.741782558551254
2011-12-20,23.047484458293816,23.047484458293816,23.047484458293816,23.047484458293816
2011-12-21,22.322644824923007,22.322644824923007,22.322644824923007,22.322644824923007
2011-12-22,21.624585144216596,21.624585144216596,21.624585144216596,21.624585144216596
2011-12-23,21.363919302491887,21.363919302491887,21.363919302491887,21.363919302491887
2011-12-26,20.77744586599388,20.77744586599388,20.77744586599388,20.77744586599388
2011-12-27,20.421413709742712,20.421413709742712,20.421413709742712,20.421413709742712
2011-12-28,20.091794492792125,20.091794492792125,20.091794492792125,20.091794492792125
2011-12-29,19.973180079209037,19.973180079209037,19.973180079209037,19.973180079209037
2011-12-30,20.940304211938013,20.940304211938013,20.940304211938013,20.940304211938013
2012-01-02,20.89367610730772,20.89367610730772,20.89367610730772,20.89367610730772
2012-01-03,20.751122298325825,20.751122298325825,20.751122298325825,20.751122298325825
2012-01-04,21.226132459518507,21.226132459518507,21.226132459518507,21.226132459518507
2012-01-05,20.590814303349784,20.590814303349784,20.590814303349784,20.590814303349784
2012-01-06,21.175866559169663,21.175866559169663,21.175866559169663,21.175866559169663
2012-01-09,20.64651876390738,20.64651876390738,20.64651876390738,20.64651876390738
2012-01-10,21.32066561555056,21.32066561555056,21.32066561555056,21.32066561555056
2012-01-11,20.668912861929787,20.668912861929787,20.668912861929787,20.668912861929787
2012-01-12,20.074623130801232,20.074623130801232,20.074623130801232,20.074623130801232
2012-01-13,20.927548450759975,20.927548450759975,20.927548450759975,20.927548450759975
2012-01-16,20.364815214989548,20.364815214989548,20.364815214989548,20.364815214989548
2012-01-17,20.290789083709203,20.290789083709203,20.290789083709203,20.290789083709203
2012-01-18,19.79515277632241,19.79515277632241,19.79515277632241,19.79515277632241
2012-01-19,19.318663938802942,19.318663938802942,19.318663938802942,19.318663938802942
2012-01-20,20.148584748333885,20.148584748333885,20.148584748333885,20.148584748333885
2012-01-23,19.784534242727194,19.784534242727194,19.784534242727194,19.784534242727194
2012-01-24,19.360442679792076,19.360442679792076,19.360442679792076,19.360442679792076
2012-01-25,19.549934421266148,19.549934421266148,19.549934421266148,19.549934421266148
2012-01-26,22.155920312201925,22.155920312201925,22.155920312201925,22.155920312201925
2012-01-27,21.87982343697994,21.87982343697994,21.87982343697994,21.87982343697994
2012-01-30,23.041101268710527,23.041101268710527,23.041101268710527,23.041101268710527
2012-01-31,22.791587624592285,22.791587624592285,22.791587624592285,22.791587624592285
2012-02-01,22.113070150135226,22.113070150135226,22.113070150135226,22.113070150135226
2012-02-02,21.44021366366736,21.44021366366736,21.44021366366736,21.44021366366736
2012-02-03,20.81483297829946,20.81483297829946,20.81483297829946,20.81483297829946
2012-02-06,20.18835264806657,20.18835264806657,20.18835264806657,20.18835264806657
2012-02-07,19.596757442133498,19.596757442133498,19.596757442133498,19.596757442133498
2012-02-08,19.610436677171926,19.610436677171926,19.610436677171926,19.610436677171926
2012-02-09,19.317341126116354,19.317341126116354,19.317341126116354,19.317341126116354
2012-02-10,18.996103347083903,18.996103347083903,18.996103347083903,18.996103347083903
2012-02-13,18.514420748701404,18.514420748701404,18.514420748701404,18.514420748701404
2012-02-14,18.142235960679994,18.142235960679994,18.142235960679994,18.142235960679994
2012-02-15,17.658359063549725,17.658359063549725,17.658359063549725,17.658359063549725
2012-02-16,19.27319415795463,19.27319415795463,19.27319415795463,19.27319415795463
2012-02-17,18.697720464364934,18.697720464364934,18.697720464364934,18.697720464364934
2012-02-20,18.19593591610411,18.19593591610411,18.19593591610411,18.19593591610411
2012-02-21,17.97712320923046,17.97712320923046,17.97712320923046,17.97712320923046
2012-02-22,18.033251476283006,18.033251476283006,18.033251476283006,18.033251476283006
2012-02-23,18.34759239545943,18.34759239545943,18.34759239545943,18.34759239545943
2012-02-24,18.24847994995638,18.24847994995638,18.24847994995638,18.24847994995638
2012-02-27,17.713778410240607,17.713778410240607,17.713778410240607,17.713778410240607
2012-02-28,17.259751775964272,17.259751775964272,17.259751775964272,17.259751775964272
2012-02-29,16.765275084191565,16.765275084191565,16.765275084191565,16.765275084191565
2012-03-01,16.591086802728995,16.591086802728995,16.591086802728995,16.591086802728995
2012-03-02,16.533620160855627,16.533620160855627,16.533620160855627,16.533620160855627
2012-03-05,16.345465373541774,16.345465373541774,16.345465373541774,16.345465373541774
2012-03-06,15.90164202582885,15.90164202582885,15.90164202582885,15.90164202582885
2012-03-07,15.671986661306688,15.671986661306688,15.671986661306688,15.671986661306688
2012-03-08,15.38935929294194,15.38935929294194,15.38935929294194,15.38935929294194
2012-03-09,14.99125771883659,14.99125771883659,14.99125771883659,14.99125771883659
2012-03-12,15.532715501353115,15.532715501353115,15.532715501353115,15.532715501353115
2012-03-13,15.11374146441141,15.11374146441141,15.11374146441141,15.11374146441141
2012-03-14,14.743068767246442,14.743068767246442,14.743068767246442,14.743068767246442
2012-03-15,14.720090022231652,14.720090022231652,14.720090022231652,14.720090022231652
2012-03-16,14.351429703245783,14.351429703245783,14.351429703245783,14.351429703245783
2012-03-19,14.889026192187082,14.889026192187082,14.889026192187082,14.889026192187082
2012-03-20,15.293605696275915,15.293605696275915,15.293605696275915,15.293605696275915
2012-03-21,15.59997123512662,15.59997123512662,15.59997123512662,15.59997123512662
2012-03-22,15.206466815464006,15.206466815464006,15.206466815464006,15.206466815464006
2012-03-23,14.861508575877128,14.861508575877128,14.861508575877128,14.861508575877128
2012-03-26,16.921841109047072,16.921841109047072,16.921841109047072,16.921841109047072
2012-03-27,17.124812235682825,17.124812235682825,17.124812235682825,17.124812235682825
2012-03-28,16.68026538005694,16.68026538005694,16.68026538005694,16.68026538005694
2012-03-29,16.7906450456204,16.7906450456204,16.7906450456204,16.7906450456204
2012-03-30,16.577261991858904,16.577261991858904,16.577261991858904,16.577261991858904
2012-04-02,18.036795374548706,18.036795374548706,18.036795374548706,18.036795374548706
2012-04-03,18.26357247028243,18.26357247028243,18.26357247028243,18.26357247028243
2012-04-04,18.117035363290228,18.117035363290228,18.117035363290228,18.117035363290228
2012-04-05,17.61602726361902,17.61602726361902,17.61602726361902,17.61602726361902
2012-04-06,18.46385019765999,18.46385019765999,18.46385019765999,18.46385019765999
2012-04-09,18.750866117069283,18.750866117069283,18.750866117069283,18.750866117069283
2012-04-10,18.22836431137991,18.22836431137991,18.22836431137991,18.22836431137991
2012-04-11,19.471192670753464,19.471192670753464,19.471192670753464,19.471192670753464
2012-04-12,20.46051334482976,20.46051334482976,20.46051334482976,20.46051334482976
2012-04-13,20.845430301226816,20.845430301226816,20.845430301226816,20.845430301226816
2012-04-16,20.31685848110189,20.31685848110189,20.31685848110189,20.31685848110189
2012-04-17,19.863890067423586,19.863890067423586,19.863890067423586,19.863890067423586
2012-04-18,19.661339504600313,19.661339504600313,19.661339504600313,19.661339504600313
2012-04-19,19.10090610182597,19.10090610182597,19.10090610182597,19.10090610182597
2012-04-20,20.30402561693827,20.30402561693827,20.30402561693827,20.30402561693827
2012-04-23,19.848127614480195,19.848127614480195,19.848127614480195,19.848127614480195
2012-04-24,19.44832923947767,19.44832923947767,19.44832923947767,19.44832923947767
2012-04-25,19.814208105197505,19.814208105197505,19.814208105197505,19.814208105197505
2012-04-26,19.45199787284805,19.45199787284805,19.45199787284805,19.45199787284805
2012-04-27,19.106966782913315,19.106966782913315,19.106966782913315,19.106966782913315
2012-04-30,18.70605833418633,18.70605833418633,18.70605833418633,18.70605833418633
2012-05-01,18.48308243531527,18.48308243531527,18.48308243531527,18.48308243531527
2012-05-02,18.05015180295286,18.05015180295286,18.05015180295286,18.05015180295286
2012-05-03,19.040086883049153,19.040086883049153,19.040086883049153,19.040086883049153
2012-05-04,18.639377955664074,18.639377955664074,18.639377955664074,18.639377955664074
2012-05-07,18.69194011854221,18.69194011854221,18.69194011854221,18.69194011854221
2012-05-08,18.167923461060365,18.167923461060365,18.167923461060365,18.167923461060365
2012-05-09,18.737497831836627,18.737497831836627,18.737497831836627,18.737497831836627
2012-05-10,18.29467691758365,18.29467691758365,18.29467691758365,18.29467691758365
2012-05-11,18.119418788473137,18.119418788473137,18.119418788473137,18.119418788473137
2012-05-14,18.48568411652266,18.48568411652266,18.48568411652266,18.48568411652266
2012-05-15,18.22714680704728,18.22714680704728,18.22714680704728,18.22714680704728
2012-05-16,17.723386558308352,17.723386558308352,17.723386558308352,17.723386558308352
2012-05-17,17.41311251722056,17.41311251722056,17.41311251722056,17.41311251722056
2012-05-18,18.007940311959214,18.007940311959214,18.007940311959214,18.007940311959214
2012-05-21,17.58822289764495,17.58822289764495,17.58822289764495,17.58822289764495
2012-05-22,17.078996694210744,17.078996694210744,17.078996694210744,17.078996694210744
2012-05-23,16.628917352908797,16.628917352908797,16.628917352908797,16.628917352908797
2012-05-24,16.35594194139586,16.35594194139586,16.35594194139586,16.35594194139586
2012-05-25,16.010468182780222,16.010468182780222,16.010468182780222,16.010468182780222
2012-05-28,15.70827722205213,15.70827722205213,15.70827722205213,15.70827722205213
2012-05-29,15.361240982320695,15.361240982320695,15.361240982320695,15.361240982320695
2012-05-30,15.80253792120213,15.80253792120213,15.80253792120213,15.80253792120213
2012-05-31,15.888533675151514,15.888533675151514,15.888533675151514,15.888533675151514
2012-06-01,18.08128153329219,18.08128153329219,18.08128153329219,18.08128153329219
2012-06-04,18.945574485532525,18.945574485532525,18.945574485532525,18.945574485532525
2012-06-05,21.857620238160305,21.857620238160305,21.857620238160305,21.857620238160305
2012-06-06,21.283852062110604,21.283852062110604,21.283852062110604,21.283852062110604
2012-06-07,22.961615556035632,22.961615556035632,22.961615556035632,22.961615556035632
2012-06-08,22.301578979839544,22.301578979839544,22.301578979839544,22.301578979839544
2012-06-11,21.655750459158117,21.655750459158117,21.655750459158117,21.655750459158117
2012-06-12,21.0033354292093,21.0033354292093,21.0033354292093,21.0033354292093
2012-06-13,21.143627878879283,21.143627878879283,21.143627878879283,21.143627878879283
2012-06-14,20.706292710223835,20.706292710223835,20.706292710223835,20.706292710223835
2012-06-15,20.2434379718792,20.2434379718792,20.2434379718792,20.2434379718792
2012-06-18,20.976255161251427,20.976255161251427,20.976255161251427,20.976255161251427
2012-06-19,20.641973631766056,20.641973631766056,20.641973631766056,20.641973631766056
2012-06-20,22.538118480250464,22.538118480250464,22.538118480250464,22.538118480250464
2012-06-21,21.847012501097378,21.847012501097378,21.847012501097378,21.847012501097378
2012-06-22,21.239626450704588,21.239626450704588,21.239626450704588,21.239626450704588
2012-06-25,20.592975024693345,20.592975024693345,20.592975024693345,20.592975024693345
2012-06-26,20.198984160782015,20.198984160782015,20.198984160782015,20.198984160782015
2012-06-27,21.37155903800149,21.37155903800149,21.37155903800149,21.37155903800149
2012-06-28,20.724229268251964,20.724229268251964,20.724229268251964,20.724229268251964
2012-06-29,20.182656208592967,20.182656208592967,20.182656208592967,20.182656208592967
2012-07-02,21.593009538412243,21.593009538412243,21.593009538412243,21.593009538412243
2012-07-03,20.939204017428377,20.939204017428377,20.939204017428377,20.939204017428377
2012-07-04,22.02095580097863,22.02095580097863,22.02095580097863,22.02095580097863
2012-07-05,22.145083905958625,22.145083905958625,22.145083905958625,22.145083905958625
2012-07-06,21.68422607004857,21.68422607004857,21.68422607004857,21.68422607004857
2012-07-09,21.07489001128341,21.07489001128341,21.07489001128341,21.07489001128341
2012-07-10,20.908575715550878,20.908575715550878,20.908575715550878,20.908575715550878
2012-07-11,20.282351593735235,20.282351593735235,20.282351593735235,20.282351593735235
2012-07-12,20.563252981827365,20.563252981827365,20.563252981827365,20.563252981827365
2012-07-13,19.997238891343084,19.997238891343084,19.997238891343084,19.997238891343084
2012-07-16,21.084724976033026,21.084724976033026,21.084724976033026,21.084724976033026
2012-07-17,20.43124717327914,20.43124717327914,20.43124717327914,20.43124717327914
2012-07-18,20.31240313808591,20.31240313808591,20.31240313808591,20.31240313808591
2012-07-19,19.76347776625619,19.76347776625619,19.76347776625619,19.76347776625619
2012-07-20,19.167446385477696,19.167446385477696,19.167446385477696,19.167446385477696
2012-07-23,20.24315083244005,20.24315083244005,20.24315083244005,20.24315083244005
2012-07-24,21.1958203793543,21.1958203793543,21.1958203793543,21.1958203793543
2012-07-25,20.68961609545246,20.68961609545246,20.68961609545246,20.68961609545246
2012-07-26,20.226103354640586,20.226103354640586,20.226103354640586,20.226103354640586
2012-07-27,23.364498339948305,23.364498339948305,23.364498339948305,23.364498339948305
2012-07-30,23.06174763710719,23.06174763710719,23.06174763710719,23.06174763710719
2012-07-31,22.382225326772996,22.382225326772996,22.382225326772996,22.382225326772996
2012-08-01,22.02716786960528,22.02716786960528,22.02716786960528,22.02716786960528
2012-08-02,22.487663672315275,22.487663672315275,22.487663672315275,22.487663672315275
2012-08-03,22.259243364460833,22.259243364460833,22.259243364460833,22.259243364460833
2012-08-06,21.64256392915084,21.64256392915084,21.64256392915084,21.64256392915084
2012-08-07,24.477233033742426,24.477233033742426,24.477233033742426,24.477233033742426
2012-08-08,23.822762892943235,23.822762892943235,23.822762892943235,23.822762892943235
2012-08-09,23.17104548190044,23.17104548190044,23.17104548190044,23.17104548190044
2012-08-10,22.454259525978472,22.454259525978472,22.454259525978472,22.454259525978472
2012-08-13,22.205029993920355,22.205029993920355,22.205029993920355,22.205029993920355
2012-08-14,21.773604327371142,21.773604327371142,21.773604327371142,21.773604327371142
2012-08-15,22.123603577029165,22.123603577029165,22.123603577029165,22.123603577029165
2012-08-16,21.61376926082761,21.61376926082761,21.61376926082761,21.61376926082761
2012-08-17,21.065363888729454,21.065363888729454,21.065363888729454,21.065363888729454
2012-08-20,20.56161908036291,20.56161908036291,20.56161908036291,20.56161908036291
2012-08-21,20.323157780956542,20.323157780956542,20.323157780956542,20.323157780956542
2012-08-22,21.06510272495955,21.06510272495955,21.06510272495955,21.06510272495955
2012-08-23,20.549058206893196,20.549058206893196,20.549058206893196,20.549058206893196
2012-08-24,20.031433796617176,20.031433796617176,20.031433796617176,20.031433796617176
2012-08-27,19.481446863933478,19.481446863933478,19.481446863933478,19.481446863933478
2012-08-28,18.929259722338962,18.929259722338962,18.929259722338962,18.929259722338962
2012-08-29,18.886585973590137,18.886585973590137,18.886585973590137,18.886585973590137
2012-08-30,21.076890769336302,21.076890769336302,21.076890769336302,21.076890769336302
2012-08-31,20.86473043451931,20.86473043451931,20.86473043451931,20.86473043451931
2012-09-03,20.611529320454242,20.611529320454242,20.611529320454242,20.611529320454242
2012-09-04,23.158548121401605,23.158548121401605,23.158548121401605,23.158548121401605
2012-09-05,23.07897634734477,23.07897634734477,23.07897634734477,23.07897634734477
2012-09-06,22.936901894573346,22.936901894573346,22.936901894573346,22.936901894573346
2012-09-07,22.238088848119986,22.238088848119986,22.238088848119986,22.238088848119986
2012-09-10,22.375239888021024,22.375239888021024,22.375239888021024,22.375239888021024
2012-09-11,21.711548852187263,21.711548852187263,21.711548852187263,21.711548852187263
2012-09-12,21.73543036917799,21.73543036917799,21.73543036917799,21.73543036917799
2012-09-13,21.05783598707934,21.05783598707934,21.05783598707934,21.05783598707934
2012-09-14,21.110677105276775,21.110677105276775,21.110677105276775,21.110677105276775
2012-09-17,21.069300667975792,21.069300667975792,21.069300667975792,21.069300667975792
2012-09-18,20.950112391229005,20.950112391229005,20.950112391229005,20.950112391229005
2012-09-19,20.503195854368816,20.503195854368816,20.503195854368816,20.503195854368816
2012-09-20,19.904116694477462,19.904116694477462,19.904116694477462,19.904116694477462
2012-09-21,19.55476212800332,19.55476212800332,19.55476212800332,19.55476212800332
2012-09-24,18.96331680374306,18.96331680374306,18.96331680374306,18.96331680374306
2012-09-25,18.68259184293945,18.68259184293945,18.68259184293945,18.68259184293945
2012-09-26,18.73567322509868,18.73567322509868,18.73567322509868,18.73567322509868
2012-09-27,18.177963181106378,18.177963181106378,18.177963181106378,18.177963181106378
2012-09-28,17.668315039015887,17.668315039015887,17.668315039015887,17.668315039015887
2012-10-01,17.94406861624286,17.94406861624286,17.94406861624286,17.94406861624286
2012-10-02,18.725849296481794,18.725849296481794,18.725849296481794,18.725849296481794
2012-10-03,18.438732268766852,18.438732268766852,18.438732268766852,18.438732268766852
2012-10-04,17.963348509308393,17.963348509308393,17.963348509308393,17.963348509308393
2012-10-05,18.008581702780628,18.008581702780628,18.008581702780628,18.008581702780628
2012-10-08,17.486251254941326,17.486251254941326,17.486251254941326,17.486251254941326
2012-10-09,17.654768996841202,17.654768996841202,17.654768996841202,17.654768996841202
2012-10-10,19.77712488615033,19.77712488615033,19.77712488615033,19.77712488615033
2012-10-11,20.501308175328724,20.501308175328724,20.501308175328724,20.501308175328724
2012-10-12,20.404480576961543,20.404480576961543,20.404480576961543,20.404480576961543
2012-10-15,21.083525252317077,21.083525252317077,21.083525252317077,21.083525252317077
2012-10-16,20.481953034653294,20.481953034653294,20.481953034653294,20.481953034653294
2012-10-17,20.22241640038767,20.22241640038767,20.22241640038767,20.22241640038767
2012-10-18,20.400943175055357,20.400943175055357,20.400943175055357,20.400943175055357
2012-10-19,20.551033911760204,20.551033911760204,20.551033911760204,20.551033911760204
2012-10-22,20.046051887139043,20.046051887139043,20.046051887139043,20.046051887139043
2012-10-23,19.436526948741328,19.436526948741328,19.436526948741328,19.436526948741328
2012-10-24,19.03000134003583,19.03000134003583,19.03000134003583,19.03000134003583
2012-10-25,18.480745910239886,18.480745910239886,18.480745910239886,18.480745910239886
2012-10-26,17.977688248685595,17.977688248685595,17.977688248685595,17.977688248685595
2012-10-29,17.465391302378038,17.465391302378038,17.465391302378038,17.465391302378038
2012-10-30,17.284103199006445,17.284103199006445,17.284103199006445,17.284103199006445
2012-10-31,17.131360239599907,17.131360239599907,17.131360239599907,17.131360239599907
2012-11-01,17.975734810650057,17.975734810650057,17.975734810650057,17.975734810650057
2012-11-02,20.059945905020655,20.059945905020655,20.059945905020655,20.059945905020655
2012-11-05,20.060991277335557,20.060991277335557,20.060991277335557,20.060991277335557
2012-11-06,20.3055984168255,20.3055984168255,20.3055984168255,20.3055984168255
2012-11-07,20.327485405802417,20.327485405802417,20.327485405802417,20.327485405802417
2012-11-08,21.772009631011745,21.772009631011745,21.772009631011745,21.772009631011745
2012-11-09,21.09738191575842,21.09738191575842,21.09738191575842,21.09738191575842
2012-11-12,21.001519178254235,21.001519178254235,21.001519178254235,21.001519178254235
2012-11-13,22.35362899593745,22.35362899593745,22.35362899593745,22.35362899593745
2012-11-14,21.833008298279037,21.833008298279037,21.833008298279037,21.833008298279037
2012-11-15,21.24255405624699,21.24255405624699,21.24255405624699,21.24255405624699
2012-11-16,21.100652539198528,21.100652539198528,21.100652539198528,21.100652539198528
2012-11-19,20.44641809816269,20.44641809816269,20.44641809816269,20.44641809816269
2012-11-20,19.875113633514612,19.875113633514612,19.875113633514612,19.875113633514612
2012-11-21,19.893998513156845,19.893998513156845,19.893998513156845,19.893998513156845
2012-11-22,21.719147865455767,21.719147865455767,21.719147865455767,21.719147865455767
2012-11-23,23.08419657973826,23.08419657973826,23.08419657973826,23.08419657973826
2012-11-26,23.255632431237757,23.255632431237757,23.255632431237757,23.255632431237757
2012-11-27,23.11848514773839,23.11848514773839,23.11848514773839,23.11848514773839
2012-11-28,22.90146105926974,22.90146105926974,22.90146105926974,22.90146105926974
2012-11-29,22.463740457182773,22.463740457182773,22.463740457182773,22.463740457182773
2012-11-30,21.89080958165561,21.89080958165561,21.89080958165561,21.89080958165561
2012-12-03,22.238396200076004,22.238396200076004,22.238396200076004,22.238396200076004
2012-12-04,21.814867004668756,21.814867004668756,21.814867004668756,21.814867004668756
2012-12-05,21.49870285586615,21.49870285586615,21.49870285586615,21.49870285586615
2012-12-06,21.096719254202377,21.096719254202377,21.096719254202377,21.096719254202377
2012-12-07,20.518273759342147,20.518273759342147,20.518273759342147,20.518273759342147
2012-12-10,21.814443633676614,21.814443633676614,21.814443633676614,21.814443633676614
2012-12-11,21.13623205000053,21.13623205000053,21.13623205000053,21.13623205000053
2012-12-12,20.68192489046292,20.68192489046292,20.68192489046292,20.68192489046292
2012-12-13,21.067035354038158,21.067035354038158,21.067035354038158,21.067035354038158
2012-12-14,22.182314100049954,22.182314100049954,22.182314100049954,22.182314100049954
2012-12-17,23.44889129761248,23.44889129761248,23.44889129761248,23.44889129761248
2012-12-18,24.006100421369073,24.006100421369073,24.006100421369073,24.006100421369073
2012-12-19,23.284890575024285,23.284890575024285,23.284890575024285,23.284890575024285
2012-12-20,23.823468952953323,23.823468952953323,23.823468952953323,23.823468952953323
2012-12-21,23.061118426994724,23.061118426994724,23.061118426994724,23.061118426994724
2012-12-24,22.358041721702183,22.358041721702183,22.358041721702183,22.358041721702183
2012-12-25,22.46628169968757,22.46628169968757,22.46628169968757,22.46628169968757
2012-12-26,21.86679841406489,21.86679841406489,21.86679841406489,21.86679841406489
2012-12-27,21.184241940281623,21.184241940281623,21.184241940281623,21.184241940281623
2012-12-28,21.61090027529246,21.61090027529246,21.61090027529246,21.61090027529246
2012-12-31,20.937857801078003,20.937857801078003,20.937857801078003,20.937857801078003
